design_index,design_id,dense_target_range_valid,dense_target_joint_feasible,domain_grid_hull_maximum_violation,domain_grid_worst_target_lp_linf_residual,domain_grid_resolution,minimum_smoothed_moment,maximum_smoothed_moment,minimum_raw_moment,classification,failure_reason
216,design_000216,True,True,-5.608664276433179e-09,2.740727997995937e-12,128x68,5.566595512933814e-09,0.774386868123717,4.9309812015532045e-11,pending_dense_projection,
240,design_000240,True,True,-6.990892165119858e-08,1.7059772953293643e-19,128x68,7.942777806268142e-08,0.6831264333371178,1.501701248957761e-09,pending_dense_projection,
278,design_000278,True,True,-2.5571131781806812e-06,1.6653345369377348e-16,128x68,3.1707080500376487e-06,0.8969110547917106,1.8070137902209453e-07,pending_dense_projection,
235,design_000235,True,True,-2.2349624024809688e-07,2.7755575615628914e-16,128x68,2.839239685777755e-07,0.5756812381271873,7.813981041763736e-09,pending_dense_projection,
267,design_000267,True,True,-4.752910277777588e-08,8.673617379884035e-18,128x68,5.569940329670569e-08,0.8873509538990194,1.041224745552592e-09,pending_dense_projection,
324,design_000324,True,True,-2.752398348212965e-07,1.1102230246251565e-16,128x68,3.2489072936914844e-07,0.7483837953965323,9.167197793669577e-09,pending_dense_projection,
150,design_000150,True,True,-6.69471014674478e-09,6.193206969087853e-10,128x68,1.0758194170406512e-09,0.6561972477142559,5.988210261525698e-12,pending_dense_projection,
266,design_000266,True,True,-9.754700683504075e-06,1.1102230246251565e-16,128x68,1.507069806946739e-05,0.8665224736399327,1.2543393655758928e-06,pending_dense_projection,
4,design_000004,True,True,-6.025421555875865e-09,1.1530345702929703e-14,128x68,1.318943620102199e-14,0.27923881101576314,2.277811757331667e-18,pending_dense_projection,
186,design_000186,True,True,-5.276386489587168e-07,2.220446049250313e-16,128x68,6.003627516686936e-07,0.8787931025924693,2.1773317143364142e-08,pending_dense_projection,
138,design_000138,True,True,-0.0001906827853515072,2.7755575615628914e-17,128x68,0.00032670695887687185,0.735310830589774,5.230612522384139e-05,pending_dense_projection,
500,design_000500,True,True,-5.4256457169802276e-08,1.6325393325270998e-11,128x68,1.8660877097114877e-11,0.8134279268077376,3.101036530806554e-14,pending_dense_projection,
14,design_000014,True,True,-1.4229006847163612e-07,0.0,128x68,1.5723962852533378e-07,0.536618867088265,3.845799417200536e-09,pending_dense_projection,
325,design_000325,True,True,-1.9483142034694544e-08,3.308722450212111e-24,128x68,1.769121751310427e-08,0.6856088863340604,2.3127514272582186e-10,pending_dense_projection,
347,design_000347,True,True,-2.5742886406436805e-05,6.776263578034403e-21,128x68,3.2520485546204683e-05,0.8596117531347873,3.315399000533071e-06,pending_dense_projection,
281,design_000281,True,True,-3.610442417328638e-06,1.1102230246251565e-16,128x68,4.732379879991057e-06,0.8787673290692821,2.7298127146221053e-07,pending_dense_projection,
85,design_000085,True,True,-6.848027647719835e-06,2.220446049250313e-16,128x68,9.988508768233678e-06,0.7390659737390264,8.006267506967167e-07,pending_dense_projection,
193,design_000193,True,True,-1.749159283157261e-08,4.206704429243757e-16,128x68,1.7038684005914632e-08,0.17744389245098238,2.3599531574431756e-10,pending_dense_projection,
121,design_000121,True,True,-5.963812472005124e-08,1.3461425888966157e-14,128x68,7.937585116992255e-10,0.33333247317137027,4.730750933979141e-12,pending_dense_projection,
241,design_000241,True,True,-2.1619650720300968e-07,1.1102230246251565e-16,128x68,2.3444846672944075e-07,0.7671400174025101,6.51409540840594e-09,pending_dense_projection,
307,design_000307,True,True,-3.2778959728356706e-05,1.3877787807814457e-16,128x68,4.419360868419465e-05,0.8669930350114162,4.502147509586615e-06,pending_dense_projection,
312,design_000312,True,True,-3.1476525309883696e-06,5.551115123125783e-17,128x68,4.075260230220312e-06,0.4740702955522929,5.219303337005041e-07,pending_dense_projection,
182,design_000182,True,True,-2.389693158798362e-09,1.5221682117655484e-15,128x68,2.0923592531973634e-09,0.6445438415636175,1.5283745192895916e-11,pending_dense_projection,
205,design_000205,True,True,-6.028800051473226e-08,4.963234910279843e-12,128x68,2.23995059598788e-09,0.6384360801651197,1.5180691238920374e-11,pending_dense_projection,
218,design_000218,True,True,-9.280805864360807e-05,1.734723475976807e-18,128x68,0.00021813512664389467,0.8791265438485497,3.14059002937125e-05,pending_dense_projection,
202,design_000202,True,True,-9.327622400930053e-09,2.6614715181247874e-13,128x68,3.878059804907701e-09,0.6204262996631711,3.432533479479771e-11,pending_dense_projection,
245,design_000245,True,True,-0.00041137339085480667,5.551115123125783e-17,128x68,0.0010108909884009355,0.7163853636971383,0.0002100417135723889,pending_dense_projection,
340,design_000340,True,True,-6.696928589051325e-07,5.551115123125783e-17,128x68,7.397572019833325e-07,0.7995896789265617,2.60818146314887e-08,pending_dense_projection,
55,design_000055,True,True,-9.461409303741552e-08,3.832360865182679e-18,128x68,4.561924921143831e-08,0.71546284881999,7.361490334307913e-10,pending_dense_projection,
224,design_000224,True,True,-1.7556159281599018e-05,1.1102230246251565e-16,128x68,1.952028541565148e-05,0.6697783697764358,1.6631941635818762e-06,pending_dense_projection,
56,design_000056,True,True,-0.00037999326732312687,3.3306690738754696e-16,128x68,0.0008683267089427201,0.6897659516133826,0.0001687778168276715,pending_dense_projection,
252,design_000252,True,True,-1.5364761082814122e-05,1.3877787807814457e-16,128x68,2.190616121161205e-05,0.6681293071358525,1.7971670076284466e-06,pending_dense_projection,
88,design_000088,True,True,-4.145412007001429e-05,1.1102230246251565e-16,128x68,6.564790006799701e-05,0.8766622631286503,9.55966164788239e-06,pending_dense_projection,
343,design_000343,True,True,-6.363320912655786e-09,5.624007847607957e-10,128x68,9.339793057561142e-10,0.8833356818524564,5.4382024185466355e-12,pending_dense_projection,
332,design_000332,True,True,-6.044775643007531e-09,1.5373320821381666e-10,128x68,3.3524816746582184e-10,0.6806184392332503,1.4040017118967986e-12,pending_dense_projection,
326,design_000326,True,True,-9.541460015852901e-08,3.469446951953614e-18,128x68,4.823092753333085e-08,0.8528581059183036,7.955026113486462e-10,pending_dense_projection,
59,design_000059,True,True,-6.406881068960143e-09,4.907613257976455e-10,128x68,6.865105426698371e-10,0.8887080011483398,3.2725124779687633e-12,pending_dense_projection,
192,design_000192,True,True,-0.001523991543525732,5.551115123125783e-17,128x68,0.0033397943457349655,0.6228626066948547,0.0008773852583698713,pending_dense_projection,
31,design_000031,True,True,-5.5569500663359415e-09,1.2063961885170981e-12,128x68,3.3652726916915126e-12,0.8954122327370055,3.561603481417193e-15,pending_dense_projection,
329,design_000329,True,True,-9.16275420362511e-09,8.474496791546998e-12,128x68,3.390734576689762e-09,0.6801809199460642,2.8468516700683758e-11,pending_dense_projection,
0,design_000000,True,True,-5.6601977970470816e-08,5.605468649029118e-11,128x68,6.36099899832865e-11,0.7235632486122247,1.8613074375235746e-13,pending_dense_projection,
331,design_000331,True,True,-1.274189581570148e-05,7.216449660063518e-16,128x68,1.703567093510705e-05,0.7988667917736425,1.3150707429304738e-06,pending_dense_projection,
318,design_000318,True,True,-1.0211377677632494e-08,7.927455781145455e-13,128x68,5.4055949819358334e-09,0.7687930566868205,5.6205572573331157e-11,pending_dense_projection,
162,design_000162,True,True,-5.092090954005373e-05,1.1102230246251565e-16,128x68,7.046691261684501e-05,0.6980954307100176,8.56714963830253e-06,pending_dense_projection,
161,design_000161,True,True,-3.775863018184001e-07,1.1102230246251565e-16,128x68,4.903906626037407e-07,0.6793974711409477,2.0407910295013923e-08,pending_dense_projection,
105,design_000105,True,True,-5.768647466306001e-08,2.147553991663115e-12,128x68,5.105667611543956e-09,0.8726518926638042,4.7388466143140875e-11,pending_dense_projection,
322,design_000322,True,True,-2.372119568478104e-07,9.71445146547012e-17,128x68,2.6615028285369423e-07,0.8551560050230017,7.439674199936882e-09,pending_dense_projection,
276,design_000276,True,True,-5.935192835627587e-09,2.5822262082317096e-10,128x68,5.615563446952718e-11,0.3459135209552441,1.4446825364130082e-13,pending_dense_projection,
176,design_000176,True,True,-5.747348922215847e-09,8.468232066985455e-11,128x68,6.019541262884407e-14,0.8634037482044796,1.8711302994071445e-17,pending_dense_projection,
223,design_000223,True,True,-2.0770828915036014e-08,5.303815913241009e-19,128x68,1.6503453067004708e-08,0.8624988040634837,2.0321289238319512e-10,pending_dense_projection,
143,design_000143,True,True,-8.187480919705223e-09,2.897805208861971e-12,128x68,3.7204539487374526e-09,0.7371126303656826,3.654976366768007e-11,pending_dense_projection,
69,design_000069,True,True,-5.932621652565782e-09,2.554095887511751e-10,128x68,1.5076773867594857e-13,0.6046513278021127,6.297404012399673e-17,pending_dense_projection,
168,design_000168,True,True,-6.674440912042012e-09,7.179009073809374e-10,128x68,1.0852287497023943e-09,0.5599120647039186,7.626294741194537e-12,pending_dense_projection,
292,design_000292,True,True,-1.3632092796714466e-06,2.117582368135751e-22,128x68,1.7139912168116813e-06,0.6554027103690226,7.718387599741323e-08,pending_dense_projection,
38,design_000038,True,True,-0.001285790940191405,1.1102230246251565e-16,128x68,0.00215615400330142,0.7458486385644375,0.0005174736923287047,pending_dense_projection,
251,design_000251,True,True,-6.912396124834245e-09,1.4462282762777241e-11,128x68,1.4255208330348645e-09,0.8773127369419792,8.704783289217537e-12,pending_dense_projection,
13,design_000013,True,True,-6.023922309196867e-09,2.836359135691822e-12,128x68,2.9055334988672085e-12,0.2584262621964837,5.579855537665792e-15,pending_dense_projection,
342,design_000342,True,True,-6.280651061901964e-08,1.3305066400159593e-12,128x68,9.044585764336505e-09,0.8454138348577769,1.0225789203014058e-10,pending_dense_projection,
270,design_000270,True,True,-6.033976051543221e-10,4.660852291027572e-11,128x68,5.1676207171464864e-11,0.837476670788646,1.1681746891455869e-13,pending_dense_projection,
200,design_000200,True,True,-6.027675638156956e-09,1.3926532087949184e-15,128x68,1.5989780014032831e-15,0.20777468595955279,1.5505210279577973e-19,pending_dense_projection,
12,design_000012,True,True,-8.640404057819101e-07,5.551115123125783e-17,128x68,1.1116211953497672e-06,0.5245912628942094,4.3105558874818494e-08,pending_dense_projection,
286,design_000286,True,True,-0.0002541295047930746,1.6653345369377348e-16,128x68,0.0004749417271699981,0.6618716906810135,8.030392259074109e-05,pending_dense_projection,
221,design_000221,True,True,-6.929020034681987e-08,1.1102230246251565e-16,128x68,6.772332428619393e-08,0.7230099397038282,1.221130466146982e-09,pending_dense_projection,
272,design_000272,True,True,-1.5603616587458688e-06,5.551115123125783e-17,128x68,1.9242036231070233e-06,0.568414734832684,9.46621600774438e-08,pending_dense_projection,
139,design_000139,True,True,-2.1651166157959417e-06,5.551115123125783e-17,128x68,3.758245167674982e-06,0.6402235961608514,2.0056821136821104e-07,pending_dense_projection,
167,design_000167,True,True,-9.061173256679977e-09,3.612292399704121e-16,128x68,3.973948995713463e-09,0.23675920334088774,3.317697198660068e-11,pending_dense_projection,
255,design_000255,True,True,-7.630832277411542e-05,3.382710778154774e-17,128x68,9.453611632552962e-05,0.6201318852290689,1.1214509592816905e-05,pending_dense_projection,
32,design_000032,True,True,-5.989181164019807e-09,3.1017785298082645e-12,128x68,4.15198976244988e-11,0.6396070623077302,8.42842852607365e-14,pending_dense_projection,
