design_index,design_id,production_time_count,valid_time_count,solver_success_time_count,rank_sensitivity_valid_time_count,pointwise_tangent_full_valid_time_count,adaptive_required_time_count,adaptive_valid_time_count,canonical_tangent_action,production_grid_tangent_action,production_full_action,integrated_tangent_full_inequality_valid,full_action_valid,density_modified,operator_floor,final_test_accessed,production_full_action_optimum,production_full_action_rank
216,design_000216,181,179,181,179,181,10,10,1037513.6600102822,1037590.4474456508,4839010.534397212,True,False,False,0.0,False,False,
278,design_000278,181,167,181,167,181,10,10,1067799.028992142,1068891.7484549123,28521036.586776055,True,False,False,0.0,False,False,
240,design_000240,181,162,181,162,181,10,10,1038237.2439511812,1038319.7329603697,4502562.040201155,True,False,False,0.0,False,False,
266,design_000266,181,171,181,171,181,10,10,1085614.8163801546,1085761.5804873193,6617864.7921486925,True,False,False,0.0,False,False,
324,design_000324,181,171,181,171,181,10,10,990968.633698364,988597.102512792,3835463.817611783,True,False,False,0.0,False,False,
235,design_000235,181,169,181,169,181,10,10,1074900.8520710934,1074869.6938681663,3052336.9020159123,True,False,False,0.0,False,False,
267,design_000267,181,172,181,172,181,10,10,1053864.792503537,1053780.7763248128,6812001.4883661,True,False,False,0.0,False,False,
186,design_000186,181,155,181,155,181,10,10,1094581.5936951048,1095794.2790549537,19641192.331992403,True,False,False,0.0,False,False,
4,design_000004,181,170,181,170,181,10,10,3065369.045661061,3065207.436838026,7032634.914068686,True,False,False,0.0,False,False,
138,design_000138,181,173,181,173,181,10,10,1877866.8958318827,1877714.3449589168,15739036.829084639,True,False,False,0.0,False,False,
347,design_000347,181,162,181,162,181,10,10,961484.1348604917,964822.4482630292,19562566.552227195,True,False,False,0.0,False,False,
14,design_000014,181,165,181,165,181,10,10,1836011.8746344345,1836053.1362743508,13729197.945297593,True,False,False,0.0,False,False,
150,design_000150,181,180,181,181,180,10,10,1043229.570725814,1043200.4832862281,2188125.41280229,True,False,False,0.0,False,False,
193,design_000193,181,176,181,177,180,10,10,1371220.7511503326,1370924.725378254,5509827.831331294,True,False,False,0.0,False,False,
281,design_000281,181,166,181,166,181,10,10,1028086.7717741922,1029052.7227951733,9545544.074601633,True,False,False,0.0,False,False,
312,design_000312,181,168,181,168,181,10,10,1212231.397298253,1212287.1017465517,46604199.59807828,True,False,False,0.0,False,False,
121,design_000121,181,179,181,180,180,10,10,1130151.8143449442,1130432.773478824,2310714.822878269,True,False,False,0.0,False,False,
241,design_000241,181,174,181,174,181,10,10,1026012.4451500893,1026008.9018350539,3083867.349316226,True,False,False,0.0,False,False,
245,design_000245,181,173,181,173,181,10,10,784793.1384023115,786570.1315907721,3232975.451774871,True,False,False,0.0,False,False,
224,design_000224,181,167,181,168,180,10,10,940841.22597554,942032.9953531608,17612071.579344705,True,False,False,0.0,False,False,
307,design_000307,181,180,181,180,181,10,10,1097550.3348442654,1097524.254124071,5739988.990051009,True,False,False,0.0,False,False,
182,design_000182,181,178,181,178,181,10,10,1235077.1090200162,1234959.9929460976,2778253.133156672,True,False,False,0.0,False,False,
56,design_000056,181,177,181,177,181,10,10,744901.632659021,744603.3605746168,1793577.9447374456,True,False,False,0.0,False,False,
318,design_000318,181,170,181,170,181,10,10,853506.6380772945,848917.2744019958,4854378.951945128,True,False,False,0.0,False,False,
252,design_000252,181,174,181,174,181,10,10,926056.4696772111,927054.1986706135,5179116.260953538,True,False,False,0.0,False,False,
340,design_000340,181,171,181,171,181,10,10,897067.2507532568,897338.176203583,3530405.0484161004,True,False,False,0.0,False,False,
218,design_000218,181,181,181,181,181,10,10,1041721.3284615687,1041346.1521402312,2951535.5125757568,True,True,False,0.0,False,False,3
88,design_000088,181,170,181,170,181,10,10,1191916.6724783266,1190823.1197597114,15020081.041578207,True,False,False,0.0,False,False,
31,design_000031,181,177,181,177,181,10,10,1826078.369716517,1825699.3714364446,4610728.594257967,True,False,False,0.0,False,False,
343,design_000343,181,167,181,167,181,10,10,1146764.696375618,1148971.7119610668,10177553.455493618,True,False,False,0.0,False,False,
326,design_000326,181,176,181,176,181,10,10,1122927.5919394228,1121450.7505392556,7812995.9471616885,True,False,False,0.0,False,False,
85,design_000085,181,171,181,171,181,10,10,2609984.22881771,2611472.509871966,15652078.911455948,True,False,False,0.0,False,False,
105,design_000105,181,180,181,180,181,10,10,714139.4526541096,714221.3543107111,4288978.2080180375,True,False,False,0.0,False,False,
176,design_000176,181,174,181,174,181,10,10,678942.4087522114,679671.9626125274,2462532.4904537913,True,False,False,0.0,False,False,
55,design_000055,181,171,181,171,181,10,10,1295208.7755866044,1295345.99044616,7476873.672947701,True,False,False,0.0,False,False,
500,design_000500,181,175,181,176,180,10,10,1933565.8933394544,1933485.0829988075,7316173.067941509,True,False,False,0.0,False,False,
331,design_000331,181,172,181,172,181,10,10,964285.7910845345,964356.0416674335,8907847.609804975,True,False,False,0.0,False,False,
162,design_000162,181,169,181,169,181,10,10,1137095.8362640457,1140237.9267909923,19636989.316550884,True,False,False,0.0,False,False,
329,design_000329,181,161,181,161,181,10,10,1141507.4781756478,1141501.0867861146,9861988.823252216,True,False,False,0.0,False,False,
0,design_000000,181,176,181,177,180,10,10,1350562.0607538049,1350443.4126174306,3353083.145126072,True,False,False,0.0,False,False,
192,design_000192,181,176,181,176,181,10,10,799560.1929874035,799582.0519691212,2039168.9301795932,True,False,False,0.0,False,False,
59,design_000059,181,175,181,175,181,10,10,1799677.9103016483,1799711.906190508,9449317.298731158,True,False,False,0.0,False,False,
322,design_000322,181,172,181,172,181,10,10,1295091.218108454,1295425.4002749992,18482948.199351292,True,False,False,0.0,False,False,
223,design_000223,181,171,181,171,181,10,10,1147843.8645748121,1147862.019822144,9443437.07891599,True,False,False,0.0,False,False,
270,design_000270,181,178,181,178,181,10,10,781440.278276475,781678.9930994941,3002715.9079685686,True,False,False,0.0,False,False,
342,design_000342,181,169,181,169,181,10,10,867388.1156201006,867721.4844149041,19372794.07800337,True,False,False,0.0,False,False,
13,design_000013,181,178,181,178,181,10,10,1403224.9549244193,1403087.8635352936,4739076.184911564,True,False,False,0.0,False,False,
38,design_000038,181,180,181,180,181,10,10,957378.1573380633,957395.7725565926,2249276.288838248,True,False,False,0.0,False,False,
83,design_000083,181,170,181,172,179,10,10,881112.0587124347,881334.1320375095,2412277.7023807247,True,False,False,0.0,False,False,
292,design_000292,181,171,181,171,181,10,10,843701.9901252383,842724.3538337611,3239660.353947804,True,False,False,0.0,False,False,
325,design_000325,181,173,181,174,180,10,10,1497967.045405422,1497987.8244465557,4136441.697605383,True,False,False,0.0,False,False,
251,design_000251,181,174,181,174,181,10,10,901084.5227438093,902521.5394118145,8620117.08623007,True,False,False,0.0,False,False,
74,design_000074,181,180,181,180,181,10,10,1199753.5021963578,1199658.6266895311,7317660.96962359,True,False,False,0.0,False,False,
272,design_000272,181,167,181,167,181,10,10,1006315.4490886829,1005840.5135193355,48046708.53773811,True,False,False,0.0,False,False,
286,design_000286,181,181,181,181,181,10,10,944573.8427524369,944581.3379481038,1598682.3978380626,True,True,False,0.0,False,False,2
202,design_000202,181,177,181,177,181,10,10,1573551.0518619933,1573589.006390742,3830981.618765502,True,False,False,0.0,False,False,
430,design_000430,181,161,181,161,181,10,10,946170.2818195058,954211.8944817219,13868795.978790341,True,False,False,0.0,False,False,
65,design_000065,181,172,181,172,181,10,10,790157.8315319226,790144.3959639271,7608948.279948878,True,False,False,0.0,False,False,
330,design_000330,181,181,181,181,181,10,10,644030.8636253588,643933.5939747599,1505062.3803363282,True,True,False,0.0,False,True,1
221,design_000221,181,172,181,172,181,10,10,930132.6983350175,930436.2925761912,5143871.755654923,True,False,False,0.0,False,False,
32,design_000032,181,170,181,170,181,10,10,5811040.317541724,5811025.632021164,23290834.399985388,True,False,False,0.0,False,False,
168,design_000168,181,172,181,172,181,10,10,1063048.5067146055,1066129.9640454715,2667696.5927907447,True,False,False,0.0,False,False,
435,design_000435,181,170,181,170,181,10,10,936458.6265739356,937784.7636257303,2264436.701387246,True,False,False,0.0,False,False,
126,design_000126,181,175,181,175,181,10,10,829214.4133621934,826182.0833249321,2776186.967669947,True,False,False,0.0,False,False,
449,design_000449,181,180,181,180,181,10,10,878210.6192412835,881320.6905227442,2649289.3658233723,True,False,False,0.0,False,False,
12,design_000012,181,179,181,179,181,10,10,1313326.6570432961,1313309.5408896033,2564227.038060036,True,False,False,0.0,False,False,
236,design_000236,181,170,181,170,181,10,10,1085423.1650233697,1090099.9866914782,5861665.86654242,True,False,False,0.0,False,False,
283,design_000283,181,179,181,179,181,10,10,668597.1748167125,668639.6373268191,5136329.463207421,True,False,False,0.0,False,False,
