case,design_id,design_index,style,day,source_time_index,grid_nx,grid_ny,grid_point_count,converged,iterations,reported_residual,verified_l2_residual,verified_linf_residual,lambda_0,lambda_1,lambda_2,lambda_3,lambda_norm,kl_divergence,intrinsic_ess,log10_intrinsic_ess,covariance_min_eigenvalue,covariance_max_eigenvalue,covariance_condition_regularized,maximum_quadrature_weight,solver_tier
0,design_000017,17,support_random,2.5,10,128,68,8704,True,20,6.637239290412217e-13,6.632265067615208e-13,5.180023077144824e-13,12.129545235222617,5849.714945816162,97.19335768554882,33.69822596429577,5850.631948121838,9.51932070556881,0.0,-2399.811488844113,6.133355409770488e-07,0.07507845885977801,122410.0899448421,0.09732656671622389,high_dynamic_range_retry
0,design_000017,17,support_random,2.5,10,256,136,34816,True,14,4.1285589489305145e-13,4.1284772191615476e-13,3.217981436876016e-13,12.121016708698361,5839.721388311141,97.32141629629055,33.763298375050546,5840.642450153213,9.524058725769045,0.0,-2398.1022079366676,6.037853989328472e-07,0.07500563931716693,124225.65919200766,0.027771518558710063,high_dynamic_range_retry
0,design_000017,17,support_random,2.5,10,512,272,139264,True,14,3.804871541969387e-13,3.821241249793745e-13,2.961519918187605e-13,12.1210164825419,5839.58484277507,97.32141534203015,33.763297475377605,5840.505926129131,9.52405858227384,0.0,-2397.0366618929675,6.048208114981647e-07,0.07500564103373696,124012.99605404296,0.007059478169365752,high_dynamic_range_retry
1,design_000024,24,support_random,2.5,10,128,68,8704,True,10,6.844768356689297e-13,6.839992717507816e-13,5.525579993559404e-13,-1.6587340921895029,555.0834788713446,-34.130887273276336,4.947834800899338,556.1562895895191,13.22572342942501,3.130532303618021e-125,-124.5043818104188,9.726235153996003e-05,0.04915637185703369,505.3997880807303,0.12253798988159272,high_dynamic_range_retry
1,design_000024,24,support_random,2.5,10,256,136,34816,True,8,2.200242859555111e-10,2.2002435983556274e-10,1.8090937081716163e-10,-1.7184681057312199,554.8746186978952,-34.15331413855526,4.931604663441885,555.9492469632173,13.229078599825552,6.799285688643644e-125,-124.167536710496,9.615773319212887e-05,0.049140294152947336,511.0384003567562,0.033764463610860544,high_dynamic_range_retry
1,design_000024,24,support_random,2.5,10,512,272,139264,True,8,2.2064068151896148e-10,2.2064183422174739e-10,1.8141496638257593e-10,-1.7184683857360716,554.8746181543519,-34.15331441938732,4.931604667625077,555.9492464388794,13.229078565111307,6.829162611258668e-125,-124.16563254604105,9.615774098171368e-05,0.04914029400273455,511.03835739620297,0.008403520463633818,high_dynamic_range_retry
2,design_000107,107,support_random,2.5,10,128,68,8704,True,21,8.237467435322653e-09,8.2374673924696e-09,7.861693669688323e-09,-2.9852148647364967,26.26308065124864,9748.217239702288,770.7938945065497,9778.678910832,30.647291023683245,0.0,-4041.7623466981754,2.48281055157093e-09,0.032219640524918616,12977078.548121598,0.15344604578856438,high_dynamic_range_retry
2,design_000107,107,support_random,2.5,10,256,136,34816,True,322,9.939317479909857e-09,9.939318520363156e-09,7.865907203363776e-09,-9.731252912125154,25.129472793516094,-147293973.09015888,807.4644820299276,147293973.09237462,30.863513303750278,1.580259105234843e-144,-143.80127169864812,8.12158440380733e-18,0.0340631149785047,33788697222121.547,0.038116801320246675,high_dynamic_range_retry
2,design_000107,107,support_random,2.5,10,512,272,139264,True,18,5.332735771260058e-09,5.332735773390143e-09,5.072373883228955e-09,-3.0297771596014567,26.305020648938683,9437.405382294251,771.1449313825107,9468.89571114892,30.65866776633069,0.0,-3807.5157843666534,1.5877419098211965e-16,0.032247039786366866,27828579577731.938,0.010167603044379234,high_dynamic_range_retry
3,design_000159,159,support_random,2.5,10,128,68,8704,True,15,9.155898616385123e-09,9.155898334269186e-09,8.279970809682569e-09,162.54719860112635,61.83329379543054,505.8298963282179,10710.738096522738,10724.085947264579,14.00114854608253,0.0,-4449.419740885113,1.8357080438549348e-09,0.023385278639451737,12739098.67020339,0.26154104697407704,high_dynamic_range_retry
3,design_000159,159,support_random,2.5,10,256,136,34816,True,17,2.216782798983816e-09,2.2167827233253347e-09,2.145519664149084e-09,162.77246224022187,61.938844949374285,505.95035297175536,10706.321400694243,10719.684463155303,14.010155160241387,0.0,-4463.656536139539,2.29335511404205e-09,0.02343323610570418,10217879.361266753,0.06755375067168455,high_dynamic_range_retry
3,design_000159,159,support_random,2.5,10,512,272,139264,True,22,7.0288306866999294e-09,7.028830875946466e-09,6.8050263930411476e-09,162.77246737493226,61.93884777583863,505.9503603738056,10705.824371163017,10719.188053689026,14.010204797924029,0.0,-4463.251565583363,6.655283347820372e-09,0.023433237845384314,3520997.2438006764,0.017369181289649312,high_dynamic_range_retry
4,design_000199,199,support_random,2.5,10,128,68,8704,True,7,3.8078421222011967e-10,3.8078375157037397e-10,2.7280644410154764e-10,10.731760614130414,0.00212976882668397,-2.0893398889621593,-45.369572044489246,46.66834150777832,4.7209804411167795,0.0010325223529332012,-2.9861005375887895,-1.691355389077393e-17,0.14121463036441537,141214633.75285667,0.07459697966410718,inherited_phase2
4,design_000199,199,support_random,2.5,10,256,136,34816,True,7,3.6497066816868275e-09,3.649706941418773e-09,2.6922059026546208e-09,10.90300061590782,0.0021302314033682826,-1.8965685244598567,-45.79452099862397,47.112742996239945,4.7174201469430646,0.0011512404214851157,-2.938833970183554,-1.0842021724855086e-17,0.14196182900358723,141961831.54274046,0.030038988758028812,inherited_phase2
4,design_000199,199,support_random,2.5,10,512,272,139264,True,7,3.6500589771244742e-09,3.6500581248471006e-09,2.69246058781647e-09,10.902993549388238,0.0021302314676532046,-1.8965723260875076,-45.79451246188395,47.11273321603845,4.717420058306109,0.0011512382026063763,-2.9388348072352275,4.336808689941975e-19,0.14196189889123625,141961899.82967007,0.008480898280754393,inherited_phase2
5,design_000205,205,support_random,2.5,10,128,68,8704,True,65,3.4957896199586248e-09,3.4957894288562753e-09,2.8843134547429372e-09,-29745523.946414873,5419.335304895047,111.95303396639027,-3.503086230799918,29745524.440299947,29.09221182647999,6.473886030680447e-129,-128.18883495038946,1.0975199827066766e-14,0.03870920763874432,3232447741811.657,0.05942141740508511,high_dynamic_range_retry
5,design_000205,205,support_random,2.5,10,256,136,34816,True,63,1.0889734115498144e-09,1.0889736649276632e-09,8.702546461236693e-10,-28106305.320507303,5319.666875127024,125.37517801577798,-3.4775322857036035,28106305.82421254,29.083659917664782,1.07060267450395e-133,-132.97037167602744,8.125284978273394e-15,0.038790981310352364,4250933686203.962,0.03292223395524398,high_dynamic_range_retry
5,design_000205,205,support_random,2.5,10,512,272,139264,True,64,2.7950658607367546e-10,2.7950482015828833e-10,2.235454044097196e-10,-28117313.183556113,5320.400908087254,125.21787057438006,-3.476873246829298,28117313.687202338,29.083581378172358,1.6719594504509566e-133,-132.77677425958774,8.050499250366231e-15,0.038785710684312864,4285477476034.7485,0.00818754189398713,high_dynamic_range_retry
6,design_000215,215,support_random,2.5,10,128,68,8704,True,40,1.0739495952862392e-13,1.067655161193973e-13,9.131584377541913e-14,210.72334418454994,239.02766358378722,-27.528984186414828,23.943864338926307,320.73307492751854,21.882460875652384,9.223093770467603e-48,-47.035123375901996,9.731317599529269e-06,0.02915578633388595,2995.770230031966,0.08398648379513098,inherited_phase2
6,design_000215,215,support_random,2.5,10,256,136,34816,True,40,2.008648513540116e-13,2.0054882586356898e-13,1.7319479184152442e-13,210.00476165086985,238.97469307229565,-27.524933653789386,23.859244128558043,320.21522347956574,21.883941396155137,1.2230166300329321e-47,-46.91256763758151,9.535199337933161e-06,0.02921340789932008,3063.422634541077,0.021246709975589823,inherited_phase2
6,design_000215,215,support_random,2.5,10,512,272,139264,True,40,2.0078746922566644e-13,2.001780582983171e-13,1.7319479184152442e-13,210.00476313658723,238.97469297308072,-27.524933578337365,23.85924403343796,320.2152243663179,21.88394135483016,1.2229340753165223e-47,-46.912596953836925,9.535199415108786e-06,0.029213408156016096,3063.422636667129,0.005347397262436553,inherited_phase2
7,design_000279,279,longitudinal_stratified,2.5,10,128,68,8704,True,38,1.3295167064961476e-13,1.3294879795558706e-13,1.1823875212257917e-13,1.7139091081638924,4.9172569300125115,1058.257436060834,-1599967.0842042048,1599967.434191341,6.418708723316468,2.4577660920043537e-95,-94.60945945171221,5.211834085226214e-13,0.16417770334564202,314406204153.70917,0.05276709120569334,high_dynamic_range_retry
7,design_000279,279,longitudinal_stratified,2.5,10,256,136,34816,True,29,3.3794021905639244e-09,3.379404174452298e-09,3.0233417991354372e-09,1.7089067582532664,5.019718430176791,1045.6295173588323,-1496768.399389509,1496768.7646327468,6.4130996957780795,1.7374827054328975e-97,-96.76007950959968,2.3243789973303343e-13,0.16343865197456492,700137604739.7584,0.01537389677984009,high_dynamic_range_retry
7,design_000279,279,longitudinal_stratified,2.5,10,512,272,139264,True,29,3.0111395527519e-09,3.0111403419290516e-09,2.6936938235522234e-09,1.708670354853117,5.019293573262787,1045.628471938016,-1496638.2513550648,1496638.6166293318,6.4131680236648085,2.252532034896035e-97,-96.64732902388734,2.4160186401236517e-13,0.16344123508191288,673701481014.109,0.003863927896997315,high_dynamic_range_retry
8,design_000321,321,longitudinal_stratified,2.5,10,128,68,8704,True,9,1.2215783961773594e-10,1.2215783961760326e-10,1.2215783910247154e-10,-16.452055353246834,-11.324442371226382,74.47556263350967,0.7244733904953002,77.11061802136514,5.068449859269732,2.452394674543493e-05,-4.610409635628674,3.442975591333249e-28,0.017605033978218786,17605034.978218786,0.15049060172261805,inherited_phase2
8,design_000321,321,longitudinal_stratified,2.5,10,256,136,34816,True,9,1.2215793528321356e-10,1.2215793531089454e-10,1.2215793463611081e-10,-16.406690950483696,-11.36442494291931,74.63801141184115,0.7252159727882925,77.26375830846729,5.068648611262156,2.3728036014113282e-05,-4.624738207148515,3.350777207813637e-28,0.017408034696430166,17408035.696430165,0.04510786632220512,inherited_phase2
8,design_000321,321,longitudinal_stratified,2.5,10,512,272,139264,True,9,1.221579353342077e-10,1.2215793528533518e-10,1.2215793463660283e-10,-16.40668892981172,-11.36442459274972,74.63801239901473,0.7252159707456883,77.26375878148566,5.068648574694251,2.3728037548271662e-05,-4.6247381790688,3.3507777582366097e-28,0.01740803529590129,17408036.295901287,0.011533656706052591,inherited_phase2
9,design_000392,392,lateral_discriminating,2.5,10,128,68,8704,True,416,8.645384062677828e-09,8.645384067331197e-09,7.812105661528842e-09,-323064082.3065927,247090.2129675131,-119394.75358929443,7244.453116615375,323064198.9415781,16.930031656793865,0.0,-832.4587383691315,2.0547360396284294e-16,2.3561968163396995e-06,1954581842.0196,0.03919228365069591,high_dynamic_range_retry
9,design_000392,392,lateral_discriminating,2.5,10,256,136,34816,True,467,8.704990095334656e-09,8.704990114310229e-09,7.53593173361813e-09,-354043697.29023784,256963.49287662574,-121449.90195688632,7265.493944164488,354043811.4471772,16.75427021978807,0.0,-823.822418200602,1.2029537771455241e-16,2.5688590405914854e-06,2293019406.03563,0.03624733301190077,high_dynamic_range_retry
9,design_000392,392,lateral_discriminating,2.5,10,512,272,139264,True,465,8.82211507237625e-09,8.82211508128903e-09,7.626468821725742e-09,-363064631.4021065,258020.9539724524,-118529.10734691714,7197.2961538641775,363064742.5059483,16.722527038874624,0.0,-824.216360904321,7.209936423255144e-17,2.6040499901133434e-06,2428925972.7128177,0.015905927295073286,high_dynamic_range_retry
10,design_000403,403,lateral_discriminating,2.5,10,128,68,8704,True,7,7.817888243557096e-10,7.817898758223977e-10,6.039122535383967e-10,-530.8138130638308,311.0409665119582,-43.49643169742825,4.45891557119774,616.7832751352266,13.066350806640394,3.0155792181760705e-36,-35.52062925828411,3.073473833044968e-05,0.03600053316612052,1171.3303942231244,0.252365307978602,high_dynamic_range_retry
10,design_000403,403,lateral_discriminating,2.5,10,256,136,34816,True,7,3.1429107139546197e-09,3.1429102399977986e-09,2.4295870870716385e-09,-530.4458204361505,310.9535574414132,-43.49121422899261,4.436443165712039,616.4219748246535,13.0736787408401,2.2708928730821207e-36,-35.64380335267003,3.161339448057475e-05,0.03619712310186286,1144.9932440175207,0.07384812465006461,high_dynamic_range_retry
10,design_000403,403,lateral_discriminating,2.5,10,512,272,139264,True,7,3.142796212207365e-09,3.1427985749591984e-09,2.42950104478723e-09,-530.4458119276616,310.95355411970536,-43.49121351866773,4.436443621217536,616.4219657804248,13.073678711603401,2.265904160141556e-36,-35.644758463228975,3.161339877297743e-05,0.03619712533285954,1144.9931591239156,0.019372711352754507,high_dynamic_range_retry
11,design_000424,424,upstream_focused,2.5,10,128,68,8704,True,20,2.2007235581506353e-15,2.322363928470733e-15,1.9984014443252818e-15,201.7621592621373,61.72388685022652,175.7793040737302,-42.72475487777661,277.92368653648543,24.844246688246102,1.5090578819033926e-44,-43.82129410196785,0.0004288101500695188,0.11360111114130891,264.9210780150934,0.06158126987429758,inherited_phase2
11,design_000424,424,upstream_focused,2.5,10,256,136,34816,True,20,4.552617755836825e-15,4.207058870180843e-15,3.6637359812630166e-15,201.704053322467,61.642912073409356,175.81539765442864,-42.73852786483428,277.88848402199176,24.848333867877017,1.7748557212282173e-44,-43.750836945156024,0.00042844777391960775,0.11370071702017517,265.37762491417345,0.016394804453395622,inherited_phase2
11,design_000424,424,upstream_focused,2.5,10,512,272,139264,True,20,6.648749507502913e-15,4.419835762464798e-15,3.885780586188048e-15,201.70405330309254,61.64291203452877,175.81539765759825,-42.73852786438524,277.8884840012405,24.848333826864874,1.7747259641898107e-44,-43.75086869693457,0.0004284477741804505,0.1137007170481509,265.377624817905,0.00420680490776769,inherited_phase2
12,design_000460,460,upstream_focused,2.5,10,128,68,8704,True,9,4.5260784251124015e-10,4.5260801375312754e-10,3.927491665223215e-10,-67.08331531289843,16.1467969208241,-71.77238809338154,-16.567042449415474,100.92885034676557,6.699267188873677,3.6408701774187035e-05,-4.438794806437071,0.0003246873628273327,0.06534321947939072,201.2490374166562,0.09807262387898423,inherited_phase2
12,design_000460,460,upstream_focused,2.5,10,256,136,34816,True,9,6.689050286895805e-11,6.689124907540224e-11,5.764205779357212e-11,-65.5039337427814,15.786891492767165,-70.53257347463197,-16.430143156829082,98.91807116948527,6.692638485677942,5.420336596439012e-05,-4.2659737434547615,0.0003198285016743494,0.06528371834220222,204.12037976619848,0.028437868520925964,inherited_phase2
12,design_000460,460,upstream_focused,2.5,10,512,272,139264,True,9,6.68932263470121e-11,6.689433143184887e-11,5.764505539573861e-11,-65.5039939314179,15.786880874460422,-70.53258489671339,-16.43026384573913,98.9181375227229,6.692639209995761,5.420251080422591e-05,-4.26598059532205,0.00031982823182669627,0.0652836655766999,204.12038700725992,0.006998273808598323,inherited_phase2
13,design_000363,363,lateral_discriminating,5.0,20,128,68,8704,True,6,1.7587650912752227e-09,1.7587654539839813e-09,1.2444035246694796e-09,23.74795193848618,4.254401905023625,14.113209411074466,8.00090589360447,29.07339560218713,2.9875024007608673,0.00039788271682272467,-3.400244925270651,0.0017909593417748458,0.05418674805290262,30.25569455055796,0.029659285305527423,inherited_phase2
13,design_000363,363,lateral_discriminating,5.0,20,256,136,34816,True,6,1.7587609680024546e-09,1.7587605383481314e-09,1.2444002980838142e-09,23.74795122670011,4.254401471643223,14.113209319880173,8.00090535130954,29.07339476385607,2.9875023212493805,0.00039785811278886024,-3.400271781743879,0.001790959329852209,0.054186744251238254,30.25569262927771,0.007524326388272276,inherited_phase2
13,design_000363,363,lateral_discriminating,5.0,20,512,272,139264,True,6,1.7587615747810611e-09,1.758761296921913e-09,1.2444001384892545e-09,23.74795122670015,4.254401471643133,14.113209319880264,8.00090535130932,29.073394763856072,2.9875023212493934,0.00039785811278884327,-3.400271781743897,0.0017909593298521388,0.05418674425123803,30.255692629278773,0.0018978839649676838,inherited_phase2
14,design_000400,400,lateral_discriminating,5.0,20,128,68,8704,True,6,1.512446868741112e-11,1.5124508543509264e-11,9.815332574492075e-12,17.42940829869947,7.805505974361796,17.87369685600594,-5.3271060458571196,26.693768847481536,3.0156526984672185,0.0037147242659388608,-2.430073417226547,0.00165060170237609,0.04553755922024705,27.58844399969443,0.027004082148075426,inherited_phase2
14,design_000400,400,lateral_discriminating,5.0,20,256,136,34816,True,6,1.512471330881598e-11,1.5124376528851864e-11,9.815322166151219e-12,17.42940890607161,7.805505867898301,17.87369707684368,-5.3271061015351355,26.69376937190824,3.0156526255841434,0.003714716578502472,-2.430074315978222,0.0016506016550828795,0.045537557153039906,27.58844353776554,0.007075640945748035,inherited_phase2
14,design_000400,400,lateral_discriminating,5.0,20,512,272,139264,True,6,1.512406041000345e-11,1.512366407133789e-11,9.815082774311534e-12,17.42940890607127,7.805505867898143,17.873697076843428,-5.327106101535148,26.693769371907802,3.0156526255840452,0.0037147165785029767,-2.430074315978163,0.0016506016550828708,0.04553755715303883,27.588443537765034,0.0017779289555403947,inherited_phase2
15,design_000215,215,support_random,7.5,30,128,68,8704,True,7,5.460835079757882e-13,5.455864259322718e-13,3.5770605227858354e-13,9.769223544585843,6.414382982414698,-2.896058574742705,-2.2313766566314834,12.245335224536824,1.3350353468812695,0.026308580562778943,-1.579902582943643,1.979859402933908e-05,0.10969543753259348,5540.287258922913,0.01328422044789187,inherited_phase2
15,design_000215,215,support_random,7.5,30,256,136,34816,True,7,5.450960617179553e-13,5.460722635695215e-13,3.576943428951207e-13,9.76922347036855,6.414382979501366,-2.896058583738879,-2.231376658145313,12.24533516620431,1.335035347527204,0.026308580521999428,-1.5799025836168197,1.9798593943640546e-05,0.10969543758120673,5540.287285358189,0.003395122750293941,inherited_phase2
15,design_000215,215,support_random,7.5,30,512,272,139264,True,7,5.45637371089242e-13,5.442729652097854e-13,3.5773467521593716e-13,9.76922347037685,6.414382979501596,-2.896058583738444,-2.2313766581450523,12.245335166210902,1.335035347527205,0.026308580521999542,-1.5799025836168177,1.9798593943639414e-05,0.109695437581206,5540.2872853584695,0.0008485137868878488,inherited_phase2
16,design_000302,302,longitudinal_stratified,7.5,30,128,68,8704,True,7,9.248272748477802e-16,7.963722312378281e-16,7.771561172376096e-16,4.2545338403806605,1.6200677784274191,1.0715757553649266,26.082616556308235,26.49861956458361,2.9666247384339117,1.2935134841270282e-07,-6.888229039656028,0.004396707786402515,0.18073308878431554,41.10644997532242,0.016053726236486307,inherited_phase2
16,design_000302,302,longitudinal_stratified,7.5,30,256,136,34816,True,7,1.4825219231211098e-15,5.723641179706052e-16,5.689893001203927e-16,4.254533851277625,1.6200677858111736,1.0715757588924115,26.082616561359494,26.498619571899226,2.966624739184628,1.2935135268986168e-07,-6.888229025295555,0.004396707799104637,0.18073308878527927,41.10644985678479,0.004002613826790401,inherited_phase2
16,design_000302,302,longitudinal_stratified,7.5,30,512,272,139264,True,7,1.3374616750946043e-15,2.4487906147411006e-15,2.1649348980190553e-15,4.2545338512779525,1.6200677858113892,1.0715757588924544,26.0826165613597,26.498619571899496,2.9666247391846543,1.2935135268985064e-07,-6.888229025295592,0.00439670779910416,0.1807330887852807,41.106449856789574,0.0010108746125612087,inherited_phase2
17,design_000354,354,lateral_discriminating,7.5,30,128,68,8704,True,8,1.0688814254877482e-12,1.0692101766168943e-12,1.0279728457351922e-12,23.71000133490903,-1.062447930729308,8.65120190701295,26.82582307467808,36.84780912044479,1.8762080171631237,3.115916687655663e-08,-7.506414162865688,0.003221117726480418,0.07913842293487394,24.56861440228414,0.010769041860424173,inherited_phase2
17,design_000354,354,lateral_discriminating,7.5,30,256,136,34816,True,8,1.0693258050657335e-12,1.0690377690583633e-12,1.028068255526371e-12,23.71000133334847,-1.0624479283718529,8.651201907317645,26.825823084903792,36.84780912688869,1.876208017831169,3.1158910768686376e-08,-7.50641773249553,0.003221117726184057,0.07913842294419901,24.56861440743957,0.002793751372682204,inherited_phase2
17,design_000354,354,lateral_discriminating,7.5,30,512,272,139264,True,8,1.0685112962504394e-12,1.0691386028104261e-12,1.0278878442848693e-12,23.710001333348483,-1.0624479283718897,8.651201907317642,26.825823084903757,36.84780912688868,1.876208017831154,3.115891076868749e-08,-7.506417732495515,0.0032211177261840442,0.07913842294419839,24.568614407439473,0.0007067440425008699,inherited_phase2
18,design_000387,387,lateral_discriminating,10.0,40,128,68,8704,True,10,7.61634974011247e-10,7.616350155628504e-10,6.867320935001475e-10,21.548462958493705,6.3118343702318995,4.2742812168130735,8.587979809425628,24.41717399942752,1.0098581865207255,0.0003049534957628249,-3.5157663838448823,0.00038122384016137036,0.08845678402245423,232.03310934568418,0.00723778574054746,inherited_phase2
18,design_000387,387,lateral_discriminating,10.0,40,256,136,34816,True,10,7.616349579301926e-10,7.616352067481405e-10,6.867320848265301e-10,21.548462957723327,6.311834370077614,4.274281216551842,8.587979809196678,24.417173998581514,1.0098581864323788,0.00030495350076821,-3.515766376716546,0.0003812238400897219,0.0884567840186587,232.033109379337,0.001869172141837124,inherited_phase2
18,design_000387,387,lateral_discriminating,10.0,40,512,272,139264,True,10,7.616374968901007e-10,7.616366830257405e-10,6.867320731171467e-10,21.54846295772322,6.311834370077669,4.274281216551777,8.58797980919668,24.417173998581422,1.0098581864323533,0.0003049535007682523,-3.5157663767164857,0.00038122384008971267,0.08845678401865696,232.03310937933804,0.0004680602988752528,inherited_phase2
19,design_000409,409,lateral_discriminating,10.0,40,128,68,8704,True,7,1.9811513161373544e-10,1.9811511036588087e-10,1.471578128450779e-10,25.40911909044767,1.5308219789140538,2.7056470782211015,10.272306325554105,27.582740114817884,0.9751431935569016,6.868960442233337e-06,-5.163108984681834,0.0005320795484067194,0.10830066962614138,203.54187152761116,0.006856861440297952,inherited_phase2
19,design_000409,409,lateral_discriminating,10.0,40,256,136,34816,True,7,1.98114734737626e-10,1.9811468829819468e-10,1.4715780547250312e-10,25.409119091140198,1.5308219783923926,2.7056470781649584,10.272306325219576,27.582740115296797,0.9751431934631933,6.8689599145593465e-06,-5.163109018044366,0.0005320795485588073,0.10830066962320138,203.54187146390606,0.0017337285887107812,inherited_phase2
19,design_000409,409,lateral_discriminating,10.0,40,512,272,139264,True,7,1.9811458047292036e-10,1.9811520871560026e-10,1.4715783843224917e-10,25.40911909114016,1.5308219783924348,2.70564707816488,10.27230632521975,27.58274011529682,0.9751431934631959,6.868959914559736e-06,-5.1631090180443415,0.0005320795485587906,0.10830066962320056,203.5418714639109,0.0004342937457002365,inherited_phase2
