design_index,design_id,bandwidth_low_days,bandwidth_nominal_days,bandwidth_high_days,observation_time_rmse,observation_time_maximum_absolute_error,minimum_reconstructed_moment,maximum_reconstructed_moment,maximum_absolute_derivative_per_normalized_time,derivative_all_finite,coarse_derivative_energy_per_day,refined_derivative_energy_per_day,temporal_grid_refinement_relative_energy_change
216,design_000216,0.5,0.75,1.0,0.00613514105600095,0.09823654422909744,5.566595512933814e-09,0.774386868123717,4.917225270273448,True,0.07431295764526968,0.07433508761121312,0.0002977055204290077
278,design_000278,0.5,0.75,1.0,0.004833317637673856,0.044830290384966665,3.1707080500376487e-06,0.8969110547917106,6.204123471842621,True,0.08673411840368576,0.08675708153850735,0.00026468311767026246
240,design_000240,0.5,0.75,1.0,0.006709276339914781,0.11736023412853025,7.942777806268142e-08,0.6831264333371178,4.91351773829625,True,0.058939908544713315,0.05897563377578879,0.0006057625630830922
266,design_000266,0.5,0.75,1.0,0.003904635245277457,0.041425987153371424,1.507069806946739e-05,0.8665224736399327,5.6741724392849235,True,0.0709398633376072,0.07094752968381647,0.00010805656297602868
324,design_000324,0.5,0.75,1.0,0.006265566372249937,0.11245632806378214,3.2489072936914844e-07,0.7483837953965323,3.8605169565291093,True,0.05473565726747688,0.054756518944837226,0.0003809898394264589
235,design_000235,0.5,0.75,1.0,0.006710273423824838,0.10093102122180558,2.839239685777755e-07,0.5756812381271873,5.653043039009921,True,0.07282253042125719,0.0728691367514041,0.0006395894369644272
267,design_000267,0.5,0.75,1.0,0.007204631710134371,0.10106972858829921,5.569940329670569e-08,0.8873509538990194,6.622731335548254,True,0.1080087919125115,0.10806358625132366,0.0005070564536394387
186,design_000186,0.5,0.75,1.0,0.005054527300986004,0.05757636695885829,6.003627516686936e-07,0.8787931025924693,5.523003561494264,True,0.07680177862814096,0.07681816299769766,0.0002132877032895207
4,design_000004,0.5,0.75,1.0,0.001448031294325578,0.009055900099821192,1.318943620102199e-14,0.27923881101576314,2.746605377860072,True,0.014457529831313381,0.01445844870076967,6.355242359023585e-05
138,design_000138,0.5,0.75,1.0,0.0064188666566961745,0.08687524828207349,0.00032670695887687185,0.735310830589774,5.709378249239016,True,0.08118669610358283,0.08123283362605326,0.0005679664294713499
347,design_000347,0.5,0.75,1.0,0.0059400907435788386,0.0898990081640923,3.2520485546204683e-05,0.8596117531347873,5.497192214624335,True,0.0811175350028769,0.08114424135946734,0.0003291220195420949
14,design_000014,0.5,0.75,1.0,0.008025521776345556,0.12282716729174092,1.5723962852533378e-07,0.536618867088265,5.840896014488082,True,0.06755669536548643,0.06762079592962533,0.0009479415800667419
150,design_000150,0.5,0.75,1.0,0.005558021366826224,0.10478600366386565,1.0758194170406512e-09,0.6561972477142559,3.2963467240282815,True,0.036267629664165885,0.03628221856653248,0.0004020951017601546
193,design_000193,0.5,0.75,1.0,0.0010837814020562026,0.0054701295650188865,1.7038684005914632e-08,0.17744389245098238,1.604203956322475,True,0.009474603569550044,0.00947489958380308,3.124194092173792e-05
281,design_000281,0.5,0.75,1.0,0.004471507668207935,0.04031818994031207,4.732379879991057e-06,0.8787673290692821,5.4966167819319445,True,0.07152027913247945,0.07153043035679237,0.00014191476637678913
312,design_000312,0.5,0.75,1.0,0.0035939840107622007,0.04854749033347244,4.075260230220312e-06,0.4740702955522929,3.196380887778839,True,0.0356737742339711,0.03568404547314397,0.0002878384173287006
121,design_000121,0.5,0.75,1.0,0.002934984771290735,0.04066295799706317,7.937585116992255e-10,0.33333247317137027,3.4240283918301797,True,0.026561200496582494,0.0265691841204619,0.000300484344690795
241,design_000241,0.5,0.75,1.0,0.005651000108443222,0.10711544518576988,2.3444846672944075e-07,0.7671400174025101,3.680221346566015,True,0.038674363562743896,0.03868768013763174,0.0003442071181438423
245,design_000245,0.5,0.75,1.0,0.006568483764694633,0.09511571512508932,0.0010108909884009355,0.7163853636971383,6.532851778828141,True,0.08278879637774357,0.08283590581873893,0.0005687079839319857
224,design_000224,0.5,0.75,1.0,0.005420248895804083,0.06483803193963567,1.952028541565148e-05,0.6697783697764358,4.285000286355907,True,0.04576104576976779,0.04577799952445779,0.0003703472162635728
307,design_000307,0.5,0.75,1.0,0.006388383530375909,0.08387696047187415,4.419360868419465e-05,0.8669930350114162,6.393290862609584,True,0.09400461832400038,0.09404955870250056,0.0004778372075337338
182,design_000182,0.5,0.75,1.0,0.006372032066492579,0.1094099096996698,2.0923592531973634e-09,0.6445438415636175,6.322745064576599,True,0.06982404796239114,0.06986840216448953,0.0006348249097491592
56,design_000056,0.5,0.75,1.0,0.008836710565679478,0.1121188221940681,0.0008683267089427201,0.6897659516133826,6.1399354385581715,True,0.10390694299834798,0.10397259018723935,0.0006313893764996701
318,design_000318,0.5,0.75,1.0,0.006091719182436804,0.08937980327232764,5.4055949819358334e-09,0.7687930566868205,4.097054981471052,True,0.05421894967884741,0.054242518376804244,0.00043450596805091375
252,design_000252,0.5,0.75,1.0,0.006783258639197308,0.09372307832074367,2.190616121161205e-05,0.6681293071358525,4.87954398199815,True,0.08078971384038054,0.08082433762608003,0.00042838316670988527
340,design_000340,0.5,0.75,1.0,0.007785862377902058,0.11283172304948336,7.397572019833325e-07,0.7995896789265617,6.726342725741998,True,0.08751966580074703,0.08757602780143257,0.0006435779527855822
218,design_000218,0.5,0.75,1.0,0.004749390846112661,0.057324382343598046,0.00021813512664389467,0.8791265438485497,6.709409371490997,True,0.0794332662646486,0.07945902261348263,0.0003241463082087111
88,design_000088,0.5,0.75,1.0,0.005266150000251409,0.05528154804924523,6.564790006799701e-05,0.8766622631286503,6.512416284547757,True,0.07621799468223764,0.07625030601709391,0.00042375351056337
31,design_000031,0.5,0.75,1.0,0.003951570672997109,0.049199559570895945,3.3652726916915126e-12,0.8954122327370055,6.4223182775372365,True,0.07148817218031679,0.07150424725900195,0.0002248129209294786
343,design_000343,0.5,0.75,1.0,0.004654223305013874,0.05698071044003869,9.339793057561142e-10,0.8833356818524564,5.533264127505331,True,0.06336474851968373,0.06337891008435455,0.00022344285586442262
326,design_000326,0.5,0.75,1.0,0.006891811122944449,0.10577169133803721,4.823092753333085e-08,0.8528581059183036,6.079199211897582,True,0.09332074125124283,0.09335653186643066,0.00038337558682055947
85,design_000085,0.5,0.75,1.0,0.0037760785296662084,0.040094252797474805,9.988508768233678e-06,0.7390659737390264,4.2915511026247195,True,0.057179358549073855,0.05719016766676802,0.00018900307754209244
105,design_000105,0.5,0.75,1.0,0.007108146523032146,0.10182089800670108,5.105667611543956e-09,0.8726518926638042,6.787417071471492,True,0.09163797537962552,0.0916880664396778,0.0005463203882180234
176,design_000176,0.5,0.75,1.0,0.004287137707165494,0.044749233440328995,6.019541262884407e-14,0.8634037482044796,5.191271487453763,True,0.06707946394494035,0.0670844022535062,7.361336465648125e-05
55,design_000055,0.5,0.75,1.0,0.007482812222534203,0.12095752601971543,4.561924921143831e-08,0.71546284881999,5.546903284866114,True,0.06584383993755419,0.06588544739933723,0.0006315121688535421
500,design_000500,0.5,0.75,1.0,0.004431230237293276,0.07509656031657252,1.8660877097114877e-11,0.8134279268077376,4.567937909491551,True,0.04001925387563713,0.04001972846246556,1.1858821802813848e-05
331,design_000331,0.5,0.75,1.0,0.0061510682785166524,0.07434619467151427,1.703567093510705e-05,0.7988667917736425,5.459701406439791,True,0.08179970777913456,0.08183373126203194,0.0004157635533987758
162,design_000162,0.5,0.75,1.0,0.007137040716951191,0.1092201544852423,7.046691261684501e-05,0.6980954307100176,5.119048420015941,True,0.06517701103668727,0.0652109034958915,0.0005197360776692695
329,design_000329,0.5,0.75,1.0,0.004413569154295757,0.08139249003408477,3.390734576689762e-09,0.6801809199460642,2.9370716224452664,True,0.02855733053793742,0.02856621730517117,0.0003110935948857017
0,design_000000,0.5,0.75,1.0,0.007130186980369268,0.10683851204494854,6.36099899832865e-11,0.7235632486122247,6.809732344907376,True,0.07591670493524058,0.07597508177953412,0.0007683682982130342
192,design_000192,0.5,0.75,1.0,0.006514879920875203,0.10231896444985217,0.0033397943457349655,0.6228626066948547,4.888218530311071,True,0.046749799574354184,0.046785375310771385,0.0007604029289257498
161,design_000161,0.5,0.75,1.0,0.006959287045033378,0.11146945615117765,4.903906626037407e-07,0.6793974711409477,6.596765132548246,True,0.07571090277394851,0.07575440994084484,0.0005743186031057754
59,design_000059,0.5,0.75,1.0,0.0033988992985595438,0.04083731587615835,6.865105426698371e-10,0.8887080011483398,5.8738342980726195,True,0.06156921353763104,0.06157777780092516,0.0001390804215411225
322,design_000322,0.5,0.75,1.0,0.005940160876759607,0.09313039640321569,2.6615028285369423e-07,0.8551560050230017,5.32306475046551,True,0.07357357162090968,0.07360080757205702,0.00037004962371747383
223,design_000223,0.5,0.75,1.0,0.003531657930384356,0.04277344902239333,1.6503453067004708e-08,0.8624988040634837,5.776532335704468,True,0.06297223738271669,0.06298380164402521,0.00018360691172440642
276,design_000276,0.5,0.75,1.0,0.0033830146603407727,0.04289549841573871,5.615563446952718e-11,0.3459135209552441,3.4055932557829776,True,0.023866160939565787,0.023879435378133026,0.0005558941556630951
270,design_000270,0.5,0.75,1.0,0.0066434317033211175,0.08000659045050917,5.1676207171464864e-11,0.837476670788646,6.951341498364858,True,0.09322984605881356,0.09328353674174751,0.0005755644008502321
342,design_000342,0.5,0.75,1.0,0.006419746776641963,0.07625270004747631,9.044585764336505e-09,0.8454138348577769,6.931046877528566,True,0.10223436566722136,0.10228433875727147,0.0004885702997866068
13,design_000013,0.5,0.75,1.0,0.0011656739124580294,0.007941757746444941,2.9055334988672085e-12,0.2584262621964837,2.533479989180687,True,0.011379866996760728,0.011380223178917397,3.129834547779691e-05
38,design_000038,0.5,0.75,1.0,0.007365928056857723,0.10829755910003297,0.00215615400330142,0.7458486385644375,6.205357108674115,True,0.08001749704465368,0.08006727226826925,0.0006216675328815764
83,design_000083,0.5,0.75,1.0,0.007087454593451398,0.10211831583272496,0.0009450740059369396,0.8849371822654789,5.64550334532988,True,0.09359247020653737,0.09363446315437222,0.00044847747741795014
292,design_000292,0.5,0.75,1.0,0.006605795121064377,0.11546190745595919,1.7139912168116813e-06,0.6554027103690226,4.417059950438713,True,0.053454419348379696,0.05348601208945797,0.0005906729599774926
325,design_000325,0.5,0.75,1.0,0.004986577108218464,0.08726387357258436,1.769121751310427e-08,0.6856088863340604,5.850619996072392,True,0.04784109413558041,0.047870214015838845,0.0006083089632480384
251,design_000251,0.5,0.75,1.0,0.0036839056829754144,0.0434222023428531,1.4255208330348645e-09,0.8773127369419792,5.9156293697400315,True,0.05376552834785625,0.05377740140287579,0.00022078149389541044
74,design_000074,0.5,0.75,1.0,0.007577205029303773,0.10916839746650486,3.9210268054368933e-07,0.7339513437606129,5.159652096649984,True,0.06314117761960326,0.06318299093208528,0.0006617811513063512
272,design_000272,0.5,0.75,1.0,0.006025714392200352,0.08636660424510056,1.9242036231070233e-06,0.568414734832684,5.2937050025921435,True,0.0581316971491927,0.05817264032450534,0.0007038218496571608
286,design_000286,0.5,0.75,1.0,0.007018749784877029,0.11619564947352778,0.0004749417271699981,0.6618716906810135,5.185340422423411,True,0.05251968751667975,0.05256095841728758,0.0007852006860334035
202,design_000202,0.5,0.75,1.0,0.002974820553504266,0.03802471911202898,3.878059804907701e-09,0.6204262996631711,4.54705391273904,True,0.03169102634367614,0.03170129699831457,0.00032398215880481403
430,design_000430,0.5,0.75,1.0,0.005076755736552256,0.07773184176182857,0.00015454697780823562,0.7043837512473087,3.7322255612727364,True,0.03994720275623325,0.039957782288641414,0.0002647677574230697
65,design_000065,0.5,0.75,1.0,0.007653364916832082,0.09862739367384432,1.988908274871001e-06,0.7318227204567763,5.594441101193141,True,0.09042325406771663,0.0904819509765258,0.0006487140051212183
332,design_000332,0.5,0.75,1.0,0.007885554716686699,0.1159395606664978,3.3524816746582184e-10,0.6806184392332503,6.620318169701134,True,0.07385319347501684,0.07391740647542362,0.0008687128440867181
330,design_000330,0.5,0.75,1.0,0.004130713783140927,0.03614621872171775,1.673985469432899e-11,0.7319209461724988,4.822818497416848,True,0.07984350866942788,0.07985715007116473,0.00017082254656834578
221,design_000221,0.5,0.75,1.0,0.006145998529955942,0.11338521121794432,6.772332428619393e-08,0.7230099397038282,4.880863141478116,True,0.06376717267701684,0.06379567895582057,0.0004468371411717195
32,design_000032,0.5,0.75,1.0,0.006005873760186615,0.1089764286738899,4.15198976244988e-11,0.6396070623077302,3.7752431024722934,True,0.039152016607631235,0.03917443609457967,0.0005722989067234513
168,design_000168,0.5,0.75,1.0,0.005383214793325991,0.0893776869332103,1.0852287497023943e-09,0.5599120647039186,4.886792134344872,True,0.04856346835199073,0.048590606644748936,0.0005585090335796882
435,design_000435,0.5,0.75,1.0,0.005293592876318311,0.0540166833681448,0.005730763228409703,0.8722884108621654,6.600764119227321,True,0.0911417757779651,0.09117451271586267,0.0003590579968284818
126,design_000126,0.5,0.75,1.0,0.0056876895048216455,0.09461252978121693,0.0003118469073776274,0.715032977999657,6.513210511309613,True,0.066419796098027,0.06645794714004868,0.0005740629023836864
449,design_000449,0.5,0.75,1.0,0.006743415705727847,0.10606120097031546,0.00146769348782277,0.5341741042199006,5.485344082569203,True,0.0699375831450261,0.0699840375688798,0.0006637859927413021
12,design_000012,0.5,0.75,1.0,0.006405112598149146,0.08283940117924335,1.1116211953497672e-06,0.5245912628942094,5.773739548855875,True,0.055123607182649303,0.05515924135273279,0.0006460235712020571
236,design_000236,0.5,0.75,1.0,0.007176668237035285,0.11810265899211397,5.156413921836622e-06,0.6986050718288448,4.86256687338175,True,0.07802022142996189,0.07805826414533133,0.0004873630714951223
283,design_000283,0.5,0.75,1.0,0.006821896649864615,0.08149813763876118,2.723240410703828e-10,0.6183432399475828,4.509659596951792,True,0.053132408447989526,0.05316505904958795,0.0006141364682388899
