design_index,design_id,maximum_moment_residual,maximum_soft_stationarity_residual,maximum_penalty_trace,mean_projection_kl,minimum_log10_intrinsic_ess,worst_covariance_condition_regularized
0,design_000000,0.029735412390456593,8.392768333741369e-10,0.0010423347908399883,,,
1,design_000001,0.02311499234344629,8.273409518107076e-10,0.0012045056308211972,,,
2,design_000002,0.0267359796136371,6.514698755533255e-10,0.0006736882322025159,,,
3,design_000003,0.026421484403386285,9.86109530732995e-10,0.0009176390927993986,,,
4,design_000004,0.03745835174034763,8.330137312813789e-10,0.001229871929873765,,,
5,design_000005,0.014440861452321733,3.159768970343016e-10,0.0007213817459746002,,,
6,design_000006,0.01201716970560808,9.215745249902557e-10,0.0006257118122375602,,,
7,design_000007,0.025921306667434904,8.788769196910888e-10,0.0008404761097615246,,,
8,design_000008,0.011348658483870734,5.400229185509323e-10,0.0007678799777017329,,,
9,design_000009,0.003946046159170191,1.8088134309629962e-10,0.00083214647964291,,,
10,design_000010,0.011432438753961974,5.372042205710318e-10,0.0005861083200104594,,,
11,design_000011,0.013396219151309575,5.730261812816467e-10,0.0009440947900656781,,,
12,design_000012,0.058205997097404025,3.908563654429696e-10,0.0017233849549835743,,,
13,design_000013,0.03908919610671311,2.1988685824194465e-10,0.000936987820015056,,,
14,design_000014,0.02771893755435904,2.3165840861312063e-10,0.0012575725782996204,,,
15,design_000015,0.02490768150987045,9.390093198388198e-10,0.0012973462081235976,,,
16,design_000016,0.00565803376399525,8.367436072234038e-10,0.0009184571694888033,,,
17,design_000017,0.02387951816350626,6.253134111380214e-10,0.001380625679641624,,,
18,design_000018,0.016436338680972905,6.540238863751411e-10,0.0013437926654943622,,,
19,design_000019,0.021599771224398757,6.335742660649181e-10,0.0009795244637517185,,,
20,design_000020,0.03761016456437473,8.337126656076483e-10,0.001302802352477276,,,
21,design_000021,0.05577142033643698,2.5161917137575245e-10,0.0015562303040600387,,,
22,design_000022,0.031229345186853816,8.962741392815103e-10,0.0011442715249717266,,,
23,design_000023,0.04143025726797506,9.304935592920674e-10,0.0015113306415892346,,,
24,design_000024,0.024844245982171054,3.047433779075217e-10,0.0012442993491802346,,,
25,design_000025,0.04058150195674375,3.080693214190444e-10,0.0012870839472409093,,,
26,design_000026,0.0403367615581297,8.335405598391859e-10,0.001257015560081689,,,
27,design_000027,0.056055971638392064,7.823333777105443e-10,0.00170473161668051,,,
28,design_000028,0.03617891367716341,6.20665189437613e-10,0.00139352802900166,,,
29,design_000029,0.021826077784261096,9.295310679361447e-10,0.0011126245313765961,,,
30,design_000030,0.013761380593756624,9.62449293260701e-10,0.0009472940346670138,,,
31,design_000031,0.05476655745919882,9.953592388754838e-10,0.0013623470178427389,,,
32,design_000032,0.019673548581148965,9.217759424442761e-11,0.0013524984213091453,,,
33,design_000033,0.02699877998514191,9.9855359859383e-10,0.000972300455442494,,,
34,design_000034,0.02897470506071551,8.237087521909847e-10,0.0010228411983166166,,,
35,design_000035,0.02357015633427815,7.591731076005475e-10,0.001195621330365378,,,
36,design_000036,0.008308388985248223,7.039084370042009e-10,0.0011355276479391848,,,
37,design_000037,0.04108096993371612,2.5974690295468894e-10,0.0015087615233618607,,,
38,design_000038,0.03710644850124029,2.0046609290917285e-10,0.0014054589549603212,,,
39,design_000039,0.036357072548971484,9.963423857631093e-10,0.0012854585891651097,,,
40,design_000040,0.02263160112637865,2.633568462782502e-10,0.0011814548944939238,,,
41,design_000041,0.021811772773775766,9.178667714376984e-10,0.0007879176095927657,,,
42,design_000042,0.037465605399840986,7.040436697785395e-10,0.0012699277778138072,,,
43,design_000043,0.02447483679738873,4.054961246291726e-10,0.0010829009786690567,,,
44,design_000044,0.0222616935335017,5.06180789225629e-10,0.0010846784764583003,,,
45,design_000045,0.06281381149664435,9.088205595214377e-10,0.00161797305020642,,,
46,design_000046,0.02483237738877208,8.481340500673223e-10,0.001120566933625544,,,
47,design_000047,0.020758146068843047,8.42215837131194e-10,0.0013360474910899948,,,
48,design_000048,0.044292191629843054,8.663363426492877e-10,0.0012162331791444555,,,
49,design_000049,0.04703206365397875,9.832654618840152e-10,0.0012708362935533125,,,
50,design_000050,0.011135151868427525,7.946551740946569e-10,0.0011368885981042384,,,
51,design_000051,0.03731244747033508,8.090108709596393e-10,0.001351257767501733,,,
52,design_000052,0.02566021338396902,7.542962676270961e-10,0.0012096315952425175,,,
53,design_000053,0.03397768681890434,6.623998688524076e-10,0.0014970179808839771,,,
54,design_000054,0.028913156902386553,6.648930902198322e-10,0.0014052669628411272,,,
55,design_000055,0.056083098735381816,6.420263892490863e-10,0.0015052467813056808,,,
56,design_000056,0.05033016803358341,3.1656367821595556e-10,0.0016537828903971906,,,
57,design_000057,0.021667057425541366,5.327787144276856e-10,0.0014505321361662873,,,
58,design_000058,0.04954894737872306,9.005103653333814e-10,0.0010297859286492361,,,
59,design_000059,0.06712242581272417,4.30661866871906e-10,0.0012705914185942005,,,
60,design_000060,0.00588109774260732,1.1973895636359945e-10,0.001124235933314667,,,
61,design_000061,0.03611259548420019,7.946741810675881e-10,0.001095141479079962,,,
62,design_000062,0.011722475909907075,9.783265830172192e-10,0.0009698271057712043,,,
63,design_000063,0.03448831717168316,6.402723201219161e-10,0.0009097961473587177,,,
64,design_000064,0.010354199763936993,2.883847494287805e-10,0.0009416711792792647,,,
65,design_000065,0.027775240302467176,7.105021584437206e-10,0.0014830588517696455,,,
66,design_000066,0.01957859240550433,5.439803075898748e-10,0.001139142353706889,,,
67,design_000067,0.016519946188341683,1.6011989586124663e-10,0.0011796381004397032,,,
68,design_000068,0.06815188997354336,9.472541134261874e-10,0.0012229473302284304,,,
69,design_000069,0.030356541909541658,7.305965979152801e-10,0.0012960130878016853,,,
70,design_000070,0.012799009627031099,8.630713569664356e-10,0.000943984380101923,,,
71,design_000071,0.020000733224541996,6.400551421802343e-10,0.001428225918844747,,,
72,design_000072,0.06445574665912765,6.434051984099256e-10,0.0013253629781201906,,,
73,design_000073,0.027172113054401658,6.97475167099708e-10,0.0011934624992636727,,,
74,design_000074,0.01634149750769485,2.5490964313963867e-10,0.0013457610424230276,,,
75,design_000075,0.015072625887114945,5.978082060098862e-10,0.0013452622940382552,,,
76,design_000076,0.022782773898867414,7.80026576763087e-10,0.001067498498123318,,,
77,design_000077,0.029780125008659987,5.512044531067269e-10,0.0014360342299018299,,,
78,design_000078,0.023118129080462638,8.273250787995753e-10,0.0012039586496218075,,,
79,design_000079,0.051202530677901044,5.475517690448413e-10,0.001026315944677176,,,
80,design_000080,0.033418810684530294,3.8929313237051563e-10,0.0015574811749664568,,,
81,design_000081,0.025386756903737456,2.84106579645243e-10,0.0012263463261828525,,,
82,design_000082,0.04309380195942208,7.442977085884301e-10,0.0013048595646196176,,,
83,design_000083,0.03735473338883588,6.224354917685584e-10,0.0014086520982907053,,,
84,design_000084,0.05252735582870455,2.136058605647188e-10,0.0015019168327184357,,,
85,design_000085,0.054157713383358536,4.6115594470526905e-10,0.001524573412420749,,,
86,design_000086,0.01968720639714312,9.292069327149925e-10,0.001018223667787276,,,
87,design_000087,0.0599226838838377,9.785241693904872e-10,0.0012517625931328415,,,
88,design_000088,0.02444979214720149,2.714566711396229e-10,0.0012867523286464238,,,
89,design_000089,0.010366955702325523,1.5700268655955203e-10,0.0010575273259697511,,,
90,design_000090,0.06740376622924013,2.8999913909910056e-10,0.0016494448246634223,,,
91,design_000091,0.04249018109819632,3.1713877399021614e-10,0.0010731138922960104,,,
92,design_000092,0.023761866570582685,8.024441032705213e-10,0.0009553517836028202,,,
93,design_000093,0.02836540201928471,4.097083429657129e-10,0.0010893740530153215,,,
94,design_000094,0.01064636432116525,3.5089666124244726e-10,0.0009614585357628986,,,
95,design_000095,0.0542892132982904,8.379832267795507e-10,0.0011330481548126466,,,
96,design_000096,0.010363391035947803,9.875155436176702e-10,0.00088861875052012,,,
97,design_000097,0.03835768886480022,4.065102974329425e-10,0.001419923438421016,,,
98,design_000098,0.021757941717274628,1.071479598229781e-10,0.0010541335905039299,,,
99,design_000099,0.02429903503701322,9.817632553146873e-10,0.0009545885067854404,,,
100,design_000100,0.038950974074693216,8.842477614746329e-10,0.0013018277220366362,,,
101,design_000101,0.00967047237605178,7.947003216708104e-10,0.0009409621718442825,,,
102,design_000102,0.010817360841467838,6.389507445261871e-10,0.0012449998961051058,,,
103,design_000103,0.043044232179887676,1.2709218924074775e-10,0.0012628960951189597,,,
104,design_000104,0.059412568432965523,9.901451471432698e-10,0.0011171247678454124,,,
105,design_000105,0.021852077973272984,5.06412611656373e-10,0.0014290470844218295,,,
106,design_000106,0.05389801286010456,8.566464517817758e-10,0.0014199164062966684,,,
107,design_000107,0.05262920086413949,7.051967951089142e-10,0.0011873166622004667,,,
108,design_000108,0.03082273025830002,3.0127577410879666e-10,0.0014415140222486075,,,
109,design_000109,0.003264376083864386,5.210847452992246e-10,0.0009784255935467753,,,
110,design_000110,0.0464227521484985,3.7548976228237477e-10,0.0012612891683228644,,,
111,design_000111,0.045430908042703465,7.216621914401581e-10,0.0014960850312404222,,,
112,design_000112,0.02180624137910142,7.179542703253535e-10,0.0013608188552427139,,,
113,design_000113,0.03690303220986564,4.954791557233842e-10,0.0013902641323127606,,,
114,design_000114,0.027158466886695442,8.66282448838533e-10,0.0010209552370691757,,,
115,design_000115,0.030969534759024732,6.003690389875734e-10,0.001118041065374117,,,
116,design_000116,0.0207355966067478,2.0887100490565703e-10,0.0014045208350268999,,,
117,design_000117,0.03688075490037203,8.939282995701054e-10,0.000956784099571199,,,
118,design_000118,0.05899811012214906,9.489529051164171e-10,0.0015196408097167455,,,
119,design_000119,0.04738367280675487,5.688203028892246e-10,0.0014107407767475775,,,
120,design_000120,0.027052746683075595,2.128989224588745e-10,0.0011075023637690915,,,
121,design_000121,0.042093320569124,8.797407622678095e-10,0.0014302733667802953,,,
122,design_000122,0.02242421942733491,9.12588241172441e-10,0.00105106799035115,,,
123,design_000123,0.04486310243084501,9.300988672791987e-10,0.0010065968828850325,,,
124,design_000124,0.009952148600127076,9.173348368002174e-10,0.0010179691267163443,,,
125,design_000125,0.05204303259612938,9.033223343850293e-10,0.001424286003417815,,,
126,design_000126,0.04815190279682011,7.860239082735329e-10,0.00115778681690424,,,
127,design_000127,0.0256767113678806,8.881083083146853e-10,0.0008363507825022893,,,
128,design_000128,0.040649559652048174,7.130126937107314e-10,0.0009459540171409586,,,
129,design_000129,0.024808492105541573,3.294614468005867e-10,0.0011191441170321842,,,
130,design_000130,0.029436262136930392,7.42542744007903e-10,0.0013602455524957268,,,
131,design_000131,0.034496060945884775,2.965615689910996e-10,0.001186010031184566,,,
132,design_000132,0.06878102180181363,3.4644478070680576e-10,0.0016101544114049619,,,
133,design_000133,0.0215568637562214,1.5834398882144496e-10,0.0009222700136472711,,,
134,design_000134,0.03391071379835221,8.964901314608035e-10,0.0013060297907326473,,,
135,design_000135,0.01585053348079476,9.462802870543677e-10,0.0010605527243462104,,,
136,design_000136,0.012774957140840058,9.083542205198742e-10,0.0010430052086207577,,,
137,design_000137,0.05084722348091531,2.4761959294762777e-10,0.0014635022642226932,,,
138,design_000138,0.03510596660405675,6.32990468350865e-10,0.0013574025660083768,,,
139,design_000139,0.0359483179138877,7.445767524243016e-10,0.0015292150041920217,,,
140,design_000140,0.010799426674191192,2.810269332388158e-10,0.0009512287002230314,,,
141,design_000141,0.004621780064668557,5.145667342137775e-10,0.001211997105524937,,,
142,design_000142,0.012349798850532464,5.620162730397655e-10,0.0011521500044214346,,,
143,design_000143,0.03785583068363276,6.190478327695119e-10,0.001461767600180412,,,
144,design_000144,0.040457284578575295,7.230345619653926e-10,0.0014260168888381318,,,
145,design_000145,0.009048886542955818,8.917550725828147e-10,0.0012437776300681695,,,
146,design_000146,0.023100549181155283,2.1911837597869636e-10,0.001155176565975872,,,
147,design_000147,0.014803561036272523,9.389465720737395e-10,0.001055263587243076,,,
148,design_000148,0.006836027515739219,9.048938355944043e-10,0.0009523242126995529,,,
149,design_000149,0.0317596877104961,9.50077964664568e-11,0.0010143570225495564,,,
150,design_000150,0.04614055257537364,1.5869854243194015e-10,0.0015636378793306644,,,
151,design_000151,0.017062328054722162,9.644146327492023e-10,0.001167902482713758,,,
152,design_000152,0.032815056737272044,6.430543716138191e-10,0.001223190350225353,,,
153,design_000153,0.028574778482714266,8.429991388188855e-10,0.0011065799255056859,,,
154,design_000154,0.051042412932038345,3.615798557192273e-10,0.0014219716741162686,,,
155,design_000155,0.04106825183878546,3.210497761431009e-10,0.001420998751778702,,,
156,design_000156,0.017117939513513276,8.221365327698686e-10,0.0009244980984151818,,,
157,design_000157,0.014484040419403071,6.102668004828671e-10,0.0013142519817943943,,,
158,design_000158,0.0168232373380506,6.462651234032461e-10,0.0014071527257693687,,,
159,design_000159,0.0237665013855058,8.549898785989822e-10,0.0009837600738011353,,,
160,design_000160,0.01568384014629186,2.92095611252674e-10,0.0010898001668953957,,,
161,design_000161,0.05784076873675008,2.5858208463048543e-10,0.0014541091124361887,,,
162,design_000162,0.03032664801644682,7.620552453729122e-10,0.0015703147338579542,,,
163,design_000163,0.02114245634314543,7.943339400909136e-10,0.0013276897923652623,,,
164,design_000164,0.020763899059356335,6.915635893549148e-10,0.0011887845678805456,,,
165,design_000165,0.014339096796712832,9.921394465502741e-10,0.0011101831697739773,,,
166,design_000166,0.0354480269501109,6.560030670278289e-10,0.0007980545229480709,,,
167,design_000167,0.024938203628878722,3.697620154851647e-10,0.0012644005728606788,,,
168,design_000168,0.06215011160162421,5.490106604644782e-10,0.0015230310204353275,,,
169,design_000169,0.037514892207681644,2.7763233580859346e-10,0.0011613854205789575,,,
170,design_000170,0.031159498837097562,3.3572722603253387e-10,0.0011443040587471665,,,
171,design_000171,0.014774918888891748,9.720671102610273e-10,0.0010213445439607649,,,
172,design_000172,0.012364435269633564,7.68557322484678e-10,0.0010207216369451275,,,
173,design_000173,0.02238253269563958,9.476118701669762e-10,0.0009998661918120444,,,
174,design_000174,0.012070754616071041,5.526089259071522e-10,0.0009509763203751278,,,
175,design_000175,0.017227255885589383,6.29270122610108e-10,0.0011968155954842972,,,
176,design_000176,0.04392118648133758,4.783596892425187e-10,0.0012428404229911916,,,
177,design_000177,0.020975758960279436,5.786354051859897e-10,0.001302289095511416,,,
178,design_000178,0.03111712501743786,7.830942370515419e-10,0.001483929176451459,,,
179,design_000179,0.017249809925403762,1.8817599889991418e-10,0.0008891024645156173,,,
180,design_000180,0.011323078165924783,8.041911669511438e-10,0.0012320448507204228,,,
181,design_000181,0.019646803215265442,9.31054067998999e-10,0.0012530776097869987,,,
182,design_000182,0.040527578285411786,8.126090934000947e-10,0.0012658339784568063,,,
183,design_000183,0.009488380037053363,7.61420934366949e-10,0.0009697664973951656,,,
184,design_000184,0.047464817098909665,9.336998620322804e-10,0.0013296450583526523,,,
185,design_000185,0.027461391702974444,6.639941131021451e-10,0.001536102117945941,,,
186,design_000186,0.042026594118949746,2.886010724258042e-10,0.0015193932756635937,,,
187,design_000187,0.008977572593198235,8.604678617881849e-10,0.0009202090552309348,,,
188,design_000188,0.02276861197178662,3.5617935585007307e-10,0.0010331040793097096,,,
189,design_000189,0.04578520584569886,8.444499305868978e-10,0.000994107256743276,,,
190,design_000190,0.05482828481084223,6.587056584957118e-10,0.00164871153950658,,,
191,design_000191,0.007801449116253072,8.067331435091847e-10,0.00105005147542801,,,
192,design_000192,0.04636328228375469,8.321891370416994e-10,0.0015349117839610093,,,
193,design_000193,0.028349547866049544,3.901669105669654e-10,0.0010423892318229178,,,
194,design_000194,0.016245583606464973,4.460197301544294e-10,0.0011715812074963366,,,
195,design_000195,0.02425977328936961,5.571856490161766e-10,0.0010558540736773973,,,
196,design_000196,0.032798177277115745,8.167099725515672e-10,0.0011874059912939028,,,
197,design_000197,0.0324928179465458,9.005220569538788e-10,0.00084930582741717,,,
198,design_000198,0.011552051612315482,4.018152095631803e-10,0.0010623179430181411,,,
199,design_000199,0.012901228783963348,8.413644352272175e-10,0.0011210171974466096,,,
200,design_000200,0.0277314288165829,6.43104219601402e-10,0.00104158681594568,,,
201,design_000201,0.01936830133345179,7.816794243228055e-10,0.001141367349624212,,,
202,design_000202,0.02631897912803677,4.363865533323458e-10,0.0010095657927525054,,,
203,design_000203,0.07279327604657325,6.246200373139965e-10,0.0017473175601319907,,,
204,design_000204,0.02161342488691527,9.484455825337724e-10,0.0008478914912403421,,,
205,design_000205,0.03211897215666917,6.241122515058145e-10,0.001129776532517957,,,
206,design_000206,0.04531044957841394,6.011171482515279e-10,0.0012435608238512274,,,
207,design_000207,0.02142288609765825,3.6418444978982033e-10,0.0009612417433086859,,,
208,design_000208,0.016684308054147053,7.727812843899931e-10,0.0012868199433367562,,,
209,design_000209,0.024285653244282886,4.689255569987039e-10,0.001215893036095297,,,
210,design_000210,0.02381505639737163,4.13031962594306e-10,0.0009309403288588476,,,
211,design_000211,0.009426488753521202,9.605422949137694e-10,0.0011430095455682297,,,
212,design_000212,0.051896088350634986,5.294521490262607e-10,0.0011852028464635728,,,
213,design_000213,0.026832348248254197,5.717799572050429e-10,0.0014302873535737798,,,
214,design_000214,0.025816429900207476,8.718714796859649e-10,0.0007323865438897523,,,
215,design_000215,0.04735151384171809,6.610563230954098e-10,0.0013292978903742697,,,
216,design_000216,0.06417191113699766,7.497338351219984e-10,0.0016528719898451006,,,
217,design_000217,0.03031947896078164,1.71828029313559e-10,0.0010722752031314161,,,
218,design_000218,0.06223544559520302,9.557891068416021e-10,0.0015786976115662818,,,
219,design_000219,0.019125884781198612,7.714675900601919e-10,0.0010154390117130404,,,
220,design_000220,0.0120788761825185,8.124282099438208e-10,0.001013191174844253,,,
221,design_000221,0.03996791027767775,7.626825602728188e-10,0.00130368773029376,,,
222,design_000222,0.037349227194352484,8.557188431341144e-10,0.0014979901699578647,,,
223,design_000223,0.053308873241099196,9.743194982555115e-10,0.0012128640027300173,,,
224,design_000224,0.026347854715110502,1.9989632619539546e-10,0.0012888521864087568,,,
225,design_000225,0.05269561706281445,6.091259124383151e-10,0.0011373169122814734,,,
226,design_000226,0.03023231318018233,6.435685839736157e-10,0.0017037115178533007,,,
227,design_000227,0.028209297688916505,9.72066868008246e-10,0.0014126605721479747,,,
228,design_000228,0.037469202643056004,8.309384790903984e-10,0.0012374322291289878,,,
229,design_000229,0.046880972662894566,8.471162667969406e-10,0.000980791296435877,,,
230,design_000230,0.045090139607789695,1.416936109907344e-10,0.0011724111720362964,,,
231,design_000231,0.044691849117578335,4.522645412886214e-10,0.0016520859622983432,,,
232,design_000232,0.03388040325028919,5.853582428613639e-10,0.0009967286266605916,,,
233,design_000233,0.05274933912203239,6.81145371410562e-10,0.0014568387085242794,,,
234,design_000234,0.020523900450723692,1.112286521682291e-10,0.0014474416754940924,,,
235,design_000235,0.07272788122116797,9.730102236009783e-10,0.0015949325128569063,,,
236,design_000236,0.044716523239757874,2.4533180526616387e-10,0.0016817247480718982,,,
237,design_000237,0.04337895243118455,7.324650764253147e-10,0.0011959246711013888,,,
238,design_000238,0.048613121683741344,7.620976376050235e-10,0.0013127362547614022,,,
239,design_000239,0.04906658905071773,1.4970335561605893e-10,0.001442405910189677,,,
240,design_000240,0.062463275264133956,7.998865556208207e-11,0.0016354743613105154,,,
241,design_000241,0.03720110274003297,3.9236739421426283e-10,0.001328838130925553,,,
242,design_000242,0.05354417458792655,8.765315447703241e-10,0.0013214200724169676,,,
243,design_000243,0.028913530486117053,3.193468713540548e-10,0.0011646652543329322,,,
244,design_000244,0.025079586712846453,1.6435613425330847e-10,0.0016473783732241423,,,
245,design_000245,0.05698538743141743,4.839728604381276e-10,0.0016160385702556808,,,
246,design_000246,0.06853704897618279,7.55022320865571e-10,0.001521790914131616,,,
247,design_000247,0.04743852646652249,7.324420405188119e-10,0.0013342444502529513,,,
248,design_000248,0.06072424259404022,5.197000115438857e-10,0.0015921068309431093,,,
249,design_000249,0.02708127636393887,6.656250550894582e-10,0.0012547255991085288,,,
250,design_000250,0.01964994652030809,7.538953527562448e-10,0.0012019923527900164,,,
251,design_000251,0.02458613778684613,4.809977071048961e-10,0.0011457638530133017,,,
252,design_000252,0.036009272156239565,4.143579349679289e-11,0.0017030265263204484,,,
253,design_000253,0.024708566342271174,7.925973207862689e-10,0.0014278707681615326,,,
254,design_000254,0.03672406874257613,5.2701605396857805e-11,0.0013133479908414157,,,
255,design_000255,0.057214719656973015,4.162352622083671e-10,0.001595658213491123,,,
256,design_000256,0.02980964733886857,6.945521699128259e-10,0.0013051591611719668,,,
257,design_000257,0.019712825186675782,5.685093165053894e-10,0.0011324978341743007,,,
258,design_000258,0.02548334594009002,2.2691573929204623e-10,0.0012025406340099493,,,
259,design_000259,0.024666673461816054,8.61342234817139e-10,0.0012275175504633667,,,
260,design_000260,0.062191803572080755,9.66574056166418e-10,0.0014225398497576544,,,
261,design_000261,0.050519172426517774,3.872814663192625e-10,0.0014258863415767746,,,
262,design_000262,0.04194865534033939,1.789673084542519e-10,0.0013128156734074775,,,
263,design_000263,0.031086561441951384,2.1615428508566756e-10,0.0011423706205795836,,,
264,design_000264,0.022750678760878756,9.493157892087877e-10,0.0012433646199806053,,,
265,design_000265,0.03497182520463023,8.587371640993144e-10,0.0013574673464906994,,,
266,design_000266,0.04622427183411672,5.21960675780384e-10,0.0015714396538677104,,,
267,design_000267,0.07887576718850929,9.255765746793548e-10,0.001570362009021171,,,
268,design_000268,0.03077155850489203,2.865547241640033e-10,0.001187276624994133,,,
269,design_000269,0.012493158892052405,2.0083145931272611e-10,0.0013471923692022808,,,
270,design_000270,0.031229350996193464,6.853101549760855e-10,0.0013612144842666428,,,
271,design_000271,0.0345495332652409,2.8176248162898663e-10,0.0014790451317582662,,,
272,design_000272,0.02707757009623257,8.171429708711821e-10,0.0013065476281438992,,,
273,design_000273,0.04815219381246173,3.913862716336543e-10,0.0012661024028706714,,,
274,design_000274,0.05088311725108724,3.588679597140144e-10,0.0012910655445178341,,,
275,design_000275,0.0287999676191686,4.1539516763637547e-10,0.0011939438013588118,,,
276,design_000276,0.02247920807866714,7.576248511645605e-10,0.0012674119301219933,,,
277,design_000277,0.04459405143410433,5.196994588578361e-10,0.0014626870508457183,,,
278,design_000278,0.046050683044171925,6.146874088235935e-10,0.0014814186318652587,,,
279,design_000279,0.013400815448987092,8.556217567710766e-10,0.0011651213452124026,,,
280,design_000280,0.01735373624599536,7.870655929068062e-10,0.0015013431178670864,,,
281,design_000281,0.03534194635667254,9.307196698594694e-10,0.0015884395691720473,,,
282,design_000282,0.026566439523003894,4.975192574762282e-10,0.001443808690700669,,,
283,design_000283,0.01904989241441,4.615657092388339e-10,0.0013173867262421199,,,
284,design_000284,0.05365983934616678,5.633473064913137e-10,0.0016066101197256752,,,
285,design_000285,0.01552700898675594,6.170440751795253e-10,0.001299796076820565,,,
286,design_000286,0.0380723477841549,8.427745297449207e-10,0.001575782651102762,,,
287,design_000287,0.07683915933838292,4.75225753407313e-10,0.0016001279910979826,,,
288,design_000288,0.03251807529640205,5.738382983832128e-10,0.0011467036077935334,,,
289,design_000289,0.03297336678791696,9.43003065059809e-10,0.0013414920390531337,,,
290,design_000290,0.02905633865637311,6.898615823901527e-10,0.0010188133186678108,,,
291,design_000291,0.03237988883254851,5.549768142632408e-10,0.001191415323911359,,,
292,design_000292,0.03779305189871361,3.273077668103593e-10,0.0013988855048393505,,,
293,design_000293,0.011124908886329703,8.092591748054784e-11,0.0009109395913454,,,
294,design_000294,0.050326367008670485,8.923166679884837e-10,0.0011087151238363332,,,
295,design_000295,0.03549611924574876,4.919840208641284e-10,0.0012630669078289004,,,
296,design_000296,0.026338614146899107,1.3313510927026504e-10,0.0011998772678709184,,,
297,design_000297,0.006094833164043937,6.779902492998489e-10,0.0010852571087563347,,,
298,design_000298,0.03480563041743263,8.583418492136638e-10,0.0011615402985892145,,,
299,design_000299,0.019401709511008756,4.469283112392428e-10,0.0010147843925887579,,,
300,design_000300,0.017352310968187647,1.510082161521182e-10,0.0009121329250631763,,,
301,design_000301,0.045961955704857,2.4952861508515323e-10,0.0011923851486678996,,,
302,design_000302,0.033984137918721374,8.156453659987602e-10,0.0016983521748158573,,,
303,design_000303,0.021798458989406567,8.472903836215699e-10,0.0011463455323049952,,,
304,design_000304,0.025613692164874864,8.730745415841542e-10,0.0013210215570728654,,,
305,design_000305,0.018220674474606364,1.7934552271830262e-10,0.0010186474860216371,,,
306,design_000306,0.017930841720878242,2.727329968411436e-10,0.0009097327463737635,,,
307,design_000307,0.02890054446280017,4.4766415549754416e-10,0.0012338669785380454,,,
308,design_000308,0.013105658224028737,7.936562591607772e-10,0.0010003859890764248,,,
309,design_000309,0.057497077202314104,5.248185922744087e-10,0.0012106065051297047,,,
310,design_000310,0.01751773412472876,6.806534719215498e-10,0.0012587467162909565,,,
311,design_000311,0.03713314734841723,1.0449086321685163e-10,0.0015501884869902722,,,
312,design_000312,0.05258100998176596,5.453822192941784e-10,0.0014521142653421233,,,
313,design_000313,0.04576685804730886,9.235024860608601e-10,0.001260208399210273,,,
314,design_000314,0.02264966834070839,9.636727994650248e-10,0.0011476478948047031,,,
315,design_000315,0.006686889887877721,3.801703504534518e-10,0.0009508265823078314,,,
316,design_000316,0.045355663521372755,1.6808552921333537e-10,0.001446325514419185,,,
317,design_000317,0.022860509252237288,2.7138985983810046e-10,0.001339446387911709,,,
318,design_000318,0.030454083638186608,6.508698392044985e-10,0.0012611048402946894,,,
319,design_000319,0.04668252094386193,8.109999774991647e-10,0.0015729325717904821,,,
320,design_000320,0.03945208511560603,6.404984516372773e-10,0.0016573085575903833,,,
321,design_000321,0.010489825916319487,1.3186323468790854e-10,0.0010590447768033108,,,
322,design_000322,0.03439267789754909,5.193996868986607e-10,0.0015134982428843887,,,
323,design_000323,0.010224521865427078,4.539484585253576e-10,0.0010621938865261853,,,
324,design_000324,0.04567864980614987,2.6056854581101476e-10,0.0016681317057424168,,,
325,design_000325,0.033922615173461367,9.475542374971293e-10,0.001107791569147647,,,
326,design_000326,0.04607807001992405,6.811240109080245e-10,0.0016434658205943227,,,
327,design_000327,0.022686017289829972,7.035060388209135e-10,0.0010888073635732204,,,
328,design_000328,0.007184421015883396,3.1724659818624636e-10,0.0012312309901262798,,,
329,design_000329,0.03815658622897649,7.254062978756809e-10,0.0014031305014469302,,,
330,design_000330,0.04635687497434153,9.690391864161158e-10,0.0014398590344347208,,,
331,design_000331,0.02730742821269565,1.3967502154094176e-10,0.001650574947822842,,,
332,design_000332,0.036129954318075586,9.189434091585539e-10,0.0012770208587968622,,,
333,design_000333,0.03189264649653454,6.00228947780187e-10,0.0016259811271620529,,,
334,design_000334,0.027694612211054175,5.029416749963212e-10,0.001361868332676037,,,
335,design_000335,0.04007397413585357,8.385292867274405e-10,0.0015004012859593423,,,
336,design_000336,0.058433860454275094,1.6804859520588215e-10,0.0012309984877131963,,,
337,design_000337,0.03688806629494672,9.974289628789844e-10,0.0013852071223660906,,,
338,design_000338,0.03965539445303154,9.166983773975706e-10,0.0011389244528706873,,,
339,design_000339,0.031162197035918545,7.524793953026396e-10,0.0015356651301212034,,,
340,design_000340,0.045342495810917954,4.6088312031460187e-10,0.001343274925533765,,,
341,design_000341,0.007928668187267182,8.794114341432845e-10,0.0011462381247585494,,,
342,design_000342,0.04042491697706145,9.502389549053753e-10,0.0013898874960576897,,,
343,design_000343,0.021987075272300226,7.952805322647462e-10,0.001138693078627046,,,
344,design_000344,0.015278612178607064,2.1306580999709468e-10,0.0010291823434690965,,,
345,design_000345,0.04380308832880462,1.0878973866184128e-10,0.0014812124261251287,,,
346,design_000346,0.03452078763343949,6.151950396492221e-10,0.0013479517911891064,,,
347,design_000347,0.046562641442164356,2.932506009836015e-10,0.0013638254131481302,,,
348,design_000348,0.012069014009674684,4.080311702992011e-10,0.00101275161623218,,,
349,design_000349,0.024266861193182304,4.683831344697364e-10,0.0006338428804659883,,,
350,design_000350,0.004688829098094616,9.178750237771201e-10,0.0005517538656566274,,,
351,design_000351,0.004170592604069103,3.8765432350674986e-11,0.0005476114698919664,,,
352,design_000352,0.0429160179336184,9.838287770469888e-10,0.0009931595623505537,,,
353,design_000353,0.008353498425042663,1.0685697064582236e-10,0.001083121038381135,,,
354,design_000354,0.040825688303327834,6.604627820472895e-10,0.0009543231680079442,,,
355,design_000355,0.01926357606750677,2.1437568465323746e-10,0.00066935870436099,,,
356,design_000356,0.0214406811912336,9.920950556935946e-10,0.0005952308304691393,,,
357,design_000357,0.008523335653466602,6.078707345535975e-10,0.0006413336786538616,,,
358,design_000358,0.006461632545369225,9.77041028000892e-10,0.0005212278227796627,,,
359,design_000359,0.048449996057516015,9.148576104695993e-10,0.0009270792553913174,,,
360,design_000360,0.007075168451264677,8.117793007963049e-10,0.0005121435496675794,,,
361,design_000361,0.02209927963400625,9.656735231186614e-10,0.0010713994121005195,,,
362,design_000362,0.045249841055210564,9.445605144441135e-10,0.0010419602305265885,,,
363,design_000363,0.029345953486371392,4.194148720957527e-10,0.0010186235830764244,,,
364,design_000364,0.04048616549471958,3.712817276906545e-10,0.0006676625178318866,,,
365,design_000365,0.02734052815831022,8.398650678904442e-10,0.0009273040927837178,,,
366,design_000366,0.007532717568171322,1.7252729745907604e-11,0.0005819941321267671,,,
367,design_000367,0.0060941511152966385,6.174780309303199e-10,0.0004657513727881169,,,
368,design_000368,0.009117836485904784,7.83933069273344e-10,0.0005532736946853743,,,
369,design_000369,0.01144017975173551,3.793276074640607e-10,0.0005808231357668332,,,
370,design_000370,0.0429363719264737,2.355734086583928e-10,0.0007981243142641676,,,
371,design_000371,0.014884895106620732,3.1808653286353476e-10,0.0007306859334764222,,,
372,design_000372,0.02182873772001647,6.522898398668302e-10,0.0010150425605283538,,,
373,design_000373,0.01196211686126329,6.663953181537776e-10,0.0005714626931087188,,,
374,design_000374,0.021872640280754755,6.472245948705063e-10,0.0010521648569884374,,,
375,design_000375,0.013055798666335666,3.8464374818823073e-10,0.0005870564501959242,,,
376,design_000376,0.034629620066588186,8.091935008508261e-10,0.001036926865348611,,,
377,design_000377,0.0045038233335632505,2.051009100526861e-10,0.00047057625197363884,,,
378,design_000378,0.01364853014957615,9.255292496057082e-10,0.001164076361180691,,,
379,design_000379,0.0301020047018466,3.354762131823247e-10,0.0007215785578285012,,,
380,design_000380,0.006739566546476182,2.66364822259672e-10,0.0005169188924814881,,,
381,design_000381,0.0043955595093932015,4.671407751601243e-10,0.0006403808854267835,,,
382,design_000382,0.0022882464225739024,7.017638060422866e-10,0.00060872935903911,,,
383,design_000383,0.00858356549285387,5.724951347188505e-10,0.0005863098174987117,,,
384,design_000384,0.008984963201715126,6.839625415835278e-10,0.0005504514595349681,,,
385,design_000385,0.03108800840522457,2.7271619202452057e-10,0.0007913262890226539,,,
386,design_000386,0.01726062674477947,3.2362007993591724e-10,0.0010650068779854448,,,
387,design_000387,0.030016708663951355,9.93732729892753e-10,0.0007074437041614733,,,
388,design_000388,0.04563454359428269,5.353132529598572e-10,0.0007970271097745868,,,
389,design_000389,0.003437641289001407,1.9090264877656748e-10,0.0006350781737415184,,,
390,design_000390,0.008704074511362693,6.674125749499253e-10,0.0005225491663757968,,,
391,design_000391,0.027578690156215,8.576677482065678e-10,0.000699353695560337,,,
392,design_000392,0.012271584877600949,9.106632762036271e-10,0.0006086905486728146,,,
393,design_000393,0.02235628500355837,1.4549465799081782e-10,0.0007087919939871017,,,
394,design_000394,0.030896334152437737,5.511660401194026e-10,0.0008151372775424241,,,
395,design_000395,0.019773619317887892,7.34426081486965e-10,0.0005631055325590888,,,
396,design_000396,0.036418838785996256,4.024876610072963e-10,0.0009512010484266631,,,
397,design_000397,0.046510310264555904,7.326531114498045e-10,0.0009501355433574784,,,
398,design_000398,0.04109268892324963,9.034224772926199e-10,0.0010270721942005664,,,
399,design_000399,0.02845937269321333,9.05304671720365e-10,0.0006966731057665178,,,
400,design_000400,0.02595917860129291,3.541196003941236e-10,0.0010093336836592903,,,
401,design_000401,0.0017011067668413634,9.428797317641717e-10,0.0005809269820492319,,,
402,design_000402,0.003818096490332008,4.701934749609855e-10,0.00045641473973468446,,,
403,design_000403,0.01809877816850986,9.24130888248353e-10,0.0010318798489916848,,,
404,design_000404,0.009964310524708225,7.520143478313803e-10,0.0005589934031411516,,,
405,design_000405,0.028524069232288774,7.330939045919547e-10,0.0006503046839473531,,,
406,design_000406,0.026898018418380795,9.276841884699018e-10,0.0011214780457888007,,,
407,design_000407,0.007494835717034111,6.155420489408759e-10,0.0005247733631026032,,,
408,design_000408,0.03493054489176205,7.486981919147276e-10,0.0008406243069354563,,,
409,design_000409,0.032857489758897074,2.024078571905538e-10,0.0009093038260703806,,,
410,design_000410,0.00405407670143672,5.060618231456669e-10,0.0006408144597358257,,,
411,design_000411,0.016743954368447275,3.6226421923680856e-10,0.000684632279180788,,,
412,design_000412,0.03061841088776952,5.521653217945019e-10,0.0008516557631492555,,,
413,design_000413,0.008342515037606902,1.617928514683788e-11,0.0010773652168290751,,,
414,design_000414,0.020496492459880528,6.65657473400554e-10,0.0010007680925619349,,,
415,design_000415,0.044751170916111756,9.24415164091001e-10,0.0009640055351574108,,,
416,design_000416,0.03993031454311455,9.522687273490274e-10,0.0009376470733472886,,,
417,design_000417,0.00948279557871773,2.223849150853142e-10,0.0005557561275245194,,,
418,design_000418,0.030353155693501947,8.191150523055891e-10,0.0007924725140207838,,,
419,design_000419,0.0032193752640173492,7.303454618938681e-10,0.0006242861528678071,,,
420,design_000420,0.033203300077523513,3.859684268257518e-10,0.0009488501692854793,,,
421,design_000421,0.025847549294558222,3.1553579439402187e-10,0.0011524077209310577,,,
422,design_000422,0.007279437878243562,5.603757248852458e-10,0.0007911359325706233,,,
423,design_000423,0.02501643264353963,8.80239226127883e-10,0.000976643510572634,,,
424,design_000424,0.04858166567961405,6.349038556598964e-10,0.0013060175767773221,,,
425,design_000425,0.008076072580970211,3.311884616296883e-10,0.000974410723540483,,,
426,design_000426,0.021670197437975935,7.887960748626921e-10,0.00105225020574345,,,
427,design_000427,0.009527910839012216,1.2172986474728675e-10,0.0011875218981628498,,,
428,design_000428,0.006616959215821259,5.756331827246978e-10,0.000797716486598846,,,
429,design_000429,0.024112241905918545,9.629293936393627e-10,0.0009632760746588451,,,
430,design_000430,0.03011870928082167,8.398635221345687e-10,0.001220455474714491,,,
431,design_000431,0.04239518657669614,9.793157187099225e-10,0.0013696463199875258,,,
432,design_000432,0.025480797773475145,8.130886514310657e-10,0.0011907032340007376,,,
433,design_000433,0.05176432206329014,4.743868850477429e-10,0.00117790389563408,,,
434,design_000434,0.019404762801437398,7.845337432070547e-10,0.0009696044368494507,,,
435,design_000435,0.0662630200459929,8.722217462067054e-10,0.0013483356397903136,,,
436,design_000436,0.0350355985547174,7.735538096767154e-10,0.0013086356045442107,,,
437,design_000437,0.005201568201311953,4.199205430120433e-10,0.0006193206073618765,,,
438,design_000438,0.012513414568118672,9.369543326284214e-10,0.0007582109603970563,,,
439,design_000439,0.019596590730892895,2.1644581592311343e-10,0.001212448936169688,,,
440,design_000440,0.017649235193164314,3.9470193338769644e-10,0.0008426772345181587,,,
441,design_000441,0.012585521262837837,5.389614889695212e-10,0.0008201166530672221,,,
442,design_000442,0.008980660194905541,9.256878348966465e-10,0.0006589701169185013,,,
443,design_000443,0.015413066700518162,9.857353334523514e-10,0.0010425139894390198,,,
444,design_000444,0.048552897075632165,7.666164165648523e-10,0.0011360319616860787,,,
445,design_000445,0.021919478678312468,5.265054413101796e-10,0.0009394011706374063,,,
446,design_000446,0.030157667779862347,2.0077316667769856e-10,0.001422955382916416,,,
447,design_000447,0.0445246883309345,2.410037665025602e-10,0.0013872846287389226,,,
448,design_000448,0.04418776412727302,8.743251490424735e-10,0.000852723624184744,,,
449,design_000449,0.05439916275118292,1.5478810623743785e-10,0.00133864540989913,,,
450,design_000450,0.03418308277900138,7.82522789576533e-10,0.0011798430251918136,,,
451,design_000451,0.015244105862688352,7.033731211736329e-10,0.000877942409459665,,,
452,design_000452,0.028666917168435366,7.111913719289405e-10,0.001158470535067749,,,
453,design_000453,0.007898866593702255,9.3391370919366e-10,0.0007352627009105468,,,
454,design_000454,0.03910903308802834,8.672318258315436e-10,0.0008265837812212947,,,
455,design_000455,0.020145308693033735,6.418946453277244e-10,0.000850453220660124,,,
456,design_000456,0.018417221577381508,8.839376661879788e-10,0.0010143732592768832,,,
457,design_000457,0.045987861624717664,5.360031307213892e-10,0.0010331683714736276,,,
458,design_000458,0.014023789144359844,8.271803458191407e-10,0.0008401555920696001,,,
459,design_000459,0.019472471371008902,9.710160478823579e-10,0.0008786481282343897,,,
460,design_000460,0.016747379698196486,9.725170570204286e-10,0.000904510111429747,,,
461,design_000461,0.05799541273512851,2.457743865399045e-10,0.0010889512092377915,,,
462,design_000462,0.04345358700234036,7.210803561854559e-10,0.0013168451184097864,,,
463,design_000463,0.02877389618849219,4.744691191951614e-10,0.0012136854585880566,,,
464,design_000464,0.05282610300798339,7.076502461961408e-10,0.0009608213247327088,,,
465,design_000465,0.019761348014999347,9.831980759831305e-10,0.0008907454489501218,,,
466,design_000466,0.0071554237836818375,7.019181674749972e-10,0.0008364958607470789,,,
467,design_000467,0.018443412997683085,6.835073313332102e-11,0.0005726752861410812,,,
468,design_000468,0.02193530275851715,5.7504492155312e-10,0.0007384898639896314,,,
469,design_000469,0.0075878941580530875,6.848234860105836e-10,0.0006749277068406342,,,
470,design_000470,0.025895660592428274,3.051192976332633e-10,0.0007806020265191747,,,
471,design_000471,0.02384535650084479,7.784468890636286e-10,0.0008157276619878406,,,
472,design_000472,0.022981088207327135,1.368843358364554e-10,0.0006361509253087319,,,
473,design_000473,0.011598953894991812,3.104941130483815e-10,0.0007990354550886767,,,
474,design_000474,0.01412784371840708,7.715758751712629e-10,0.0005874196178866378,,,
475,design_000475,0.021345453434995484,5.802974356361012e-11,0.0008673562203161751,,,
476,design_000476,0.005550290402428698,4.5915057870829493e-10,0.0004168265575229675,,,
477,design_000477,0.018526121346159698,9.92693105911683e-10,0.0006398913859012854,,,
478,design_000478,0.005984201750907057,4.157759143332229e-10,0.00043106270729357317,,,
479,design_000479,0.005828652381898858,1.844507145444875e-11,0.0004558876984520494,,,
480,design_000480,0.02439433942337829,5.511780320523273e-10,0.0007680132196994937,,,
481,design_000481,0.011207544847509642,3.998927824168968e-10,0.0008774975699411293,,,
482,design_000482,0.030227678283933603,4.3842748443008157e-10,0.0009595626926650329,,,
483,design_000483,0.013249390121158987,6.703374130456674e-10,0.0007389638951494163,,,
484,design_000484,0.0057143260750492685,8.393167105193409e-10,0.0004081424509831715,,,
485,design_000485,0.02668640416272938,7.814231566096659e-10,0.0005473790287234033,,,
486,design_000486,0.0034957612221126746,7.431000759871938e-10,0.0004990809346730677,,,
487,design_000487,0.013949936121137802,9.285761161462733e-10,0.000544556681784897,,,
488,design_000488,0.008874870336281425,7.324732199523182e-10,0.0005015864343343157,,,
489,design_000489,0.01933606569662508,8.348043421700214e-10,0.0008584677565518955,,,
490,design_000490,0.012276645990300237,6.213861572571591e-10,0.0005898652460170467,,,
491,design_000491,0.017731159337337685,8.783906692732106e-10,0.0004737895057659473,,,
492,design_000492,0.003906539295734441,8.93711288499639e-11,0.0005696323076183835,,,
493,design_000493,0.005135397116767981,1.3681711033705118e-10,0.0005014646135456193,,,
494,design_000494,0.028069665748190205,7.75778017726052e-10,0.0008116769526448725,,,
495,design_000495,0.01348848437377438,9.294268412955009e-10,0.0007619127473995455,,,
496,design_000496,0.005606964639377059,2.461083905880942e-10,0.00043938021658162607,,,
497,design_000497,0.009221676702731324,9.164655350082657e-10,0.000551547725897255,,,
498,design_000498,0.011438189482852863,7.01133985409305e-10,0.00095296111382603,,,
499,design_000499,0.016380634396217977,6.702743970328843e-10,0.0008841631995768616,,,
500,design_000500,0.03759032331456767,7.428734362393474e-10,0.0011027809306384162,,,
501,design_000501,0.016656539899870263,9.41506186531872e-10,0.0006410296691657637,,,
502,design_000502,0.008095892734094839,8.055176796265616e-10,0.0005839757637771494,,,
503,design_000503,0.009680903842190407,9.488558790177516e-10,0.0006139154438171622,,,
504,design_000504,0.0029490960716600173,9.778663316439915e-10,0.00027307930843855683,,,
505,design_000505,0.024331388274471778,9.195691688658578e-10,0.0010209959832294616,,,
506,design_000506,0.012876623419968746,1.0859223920991037e-10,0.0008990148193623554,,,
507,design_000507,0.019985373594789427,6.119999806979597e-10,0.0005517205417100131,,,
508,design_000508,0.008069155002102384,2.453509372028269e-10,0.0007256354148846061,,,
509,design_000509,0.0005662064148188559,2.169303298580761e-10,0.00020468659297970019,,,
510,design_000510,0.03938871827269955,8.589574014635107e-10,0.0008876766714681594,,,
511,design_000511,0.04285011662432939,7.58301565021902e-10,0.0006490039498635024,,,
