design_index,design_id,source_time_index,day,formulation,solver,preconditioner,convergence,coarse_convergence,fine_convergence,physical_relative_residual,coarse_physical_relative_residual,fine_physical_relative_residual,gauge_residual,compatibility_residual,a_tan,a_full,lower_bound_pass,coarse_action,fine_action,grid_relative_change,grid_refinement_pass,iteration_count,condition_proxy,log10_condition_proxy,minimum_log_q_mass,maximum_log_q_mass,log_q_range,unrepresentable_equilibrated_coefficient_count,accepted,density_floored_clipped_thresholded_or_truncated,final_test_accessed
56,design_000056,0,0.0,native_unfloored_ic0_pcg_baseline,native PCG,native IC(0),False,False,False,35324.83966141324,42397540.43535224,35324.83966141324,-27397.95918367327,4.4712869661804775e-10,286760.0169583321,3.241074980019493e+19,True,4.72362436293939e+25,3.241074980019493e+19,1457424.20369306,False,1200,4.49423283715579e+307,307.6526555685888,-300135.2067086802,-2.6336421027039023,300132.5730665775,,False,False,False
56,design_000056,0,0.0,equilibrated_log_conductance_finite_volume,row-equilibrated sparse solve,not attempted,False,False,False,inf,inf,inf,nan,4.4712869661804775e-10,286760.0169583321,nan,False,nan,nan,inf,False,0,inf,610.3273948194726,-300135.2067086802,-2.6336421027039023,300132.5730665775,219747,False,False,False
56,design_000056,0,0.0,divided_log_density_central_difference,row-equilibrated sparse solve,none,False,True,False,inf,1365.6741283341657,inf,nan,4.4712869661804775e-10,286760.0169583321,nan,False,319742324520.72516,nan,inf,False,0,inf,130345.92032223914,-300135.2067086802,-2.6336421027039023,300132.5730665775,0,False,False,False
56,design_000056,0,0.0,cosine_ritz_variational_mode_5,dense eigensolved Ritz normal equations,none,True,True,True,21.86394259401565,518.4553526000743,21.86394259401565,7.328855075098766e-05,4.4712869661804775e-10,286760.0169583321,768624430.439027,True,11496504754975.72,768624430.439027,14956.246087545105,False,1,753788965562.8694,11.877249775684252,-300135.2067086802,-2.6336421027039023,300132.5730665775,,False,False,False
56,design_000056,10,2.5,native_unfloored_ic0_pcg_baseline,native PCG,native IC(0),False,False,False,111415.93157405264,154936.65442584598,111415.93157405264,8785102.040816316,1.140393508223062e-09,1027033.89659955,1.72048524837185e+20,True,1.628551787256946e+20,1.72048524837185e+20,0.05343461166081109,True,1200,4.49423283715579e+307,307.6526555685888,-289361.4573561567,-4.534978255519032,289356.9223779012,,False,False,False
56,design_000056,10,2.5,equilibrated_log_conductance_finite_volume,row-equilibrated sparse solve,not attempted,False,False,False,inf,inf,inf,nan,1.140393508223062e-09,1027033.89659955,nan,False,nan,nan,inf,False,0,inf,7676.24134728458,-289361.4573561567,-4.534978255519032,289356.9223779012,86884,False,False,False
56,design_000056,10,2.5,divided_log_density_central_difference,row-equilibrated sparse solve,none,False,True,False,inf,0.9867913043718505,inf,nan,1.140393508223062e-09,1027033.89659955,nan,False,14233765.438169587,nan,inf,False,0,inf,125666.11468923005,-289361.4573561567,-4.534978255519032,289356.9223779012,0,False,False,False
56,design_000056,10,2.5,cosine_ritz_variational_mode_5,dense eigensolved Ritz normal equations,none,True,True,True,5.318562083222929,4.446363227546308,5.318562083222929,1.8724939443412672e-05,1.140393508223062e-09,1027033.89659955,117166104.01359062,True,157949950.3253797,117166104.01359062,0.3480857083637293,False,1,459100014330.8303,11.661907306322545,-289361.4573561567,-4.534978255519032,289356.9223779012,,False,False,False
56,design_000056,40,10.0,native_unfloored_ic0_pcg_baseline,native PCG,native IC(0),False,True,False,1.1900616593880239e-08,9.888842112780793e-09,1.1900616593880239e-08,2.320139545339102e-11,2.9784438321971335e-15,2244527.487826104,2740311.76112499,True,2734574.695956837,2740311.76112499,0.0020935811937681757,True,1200,4.49423283715579e+307,307.6526555685888,-50562.69549438043,-7.23157267421918,50555.463921706214,,False,False,False
56,design_000056,40,10.0,equilibrated_log_conductance_finite_volume,row-equilibrated sparse solve,not attempted,False,False,False,inf,inf,inf,nan,2.9784438321971335e-15,2244527.487826104,nan,False,nan,nan,inf,False,0,inf,7462.41199941588,-50562.69549438043,-7.23157267421918,50555.463921706214,8579,False,False,False
56,design_000056,40,10.0,divided_log_density_central_difference,row-equilibrated sparse solve,none,False,True,False,inf,0.15832587538840642,inf,nan,2.9784438321971335e-15,2244527.487826104,nan,False,2623620.0464434456,nan,inf,False,0,inf,21955.959011255938,-50562.69549438043,-7.23157267421918,50555.463921706214,0,False,False,False
56,design_000056,40,10.0,cosine_ritz_variational_mode_5,dense eigensolved Ritz normal equations,none,True,True,True,0.6718101320026301,0.6470431209504401,0.6718101320026301,7.424739762713416e-08,2.9784438321971335e-15,2244527.487826104,2560690.686311909,True,2560912.739970745,2560690.686311909,8.671631447836959e-05,True,1,724380109194.4818,11.859966516482332,-50562.69549438043,-7.23157267421918,50555.463921706214,,False,False,False
56,design_000056,90,22.5,native_unfloored_ic0_pcg_baseline,native PCG,native IC(0),False,False,False,3.4648223889293e-08,1.8972933030651362e-08,3.4648223889293e-08,4.292258158877343e-10,1.2861099888148496e-15,116017.35097800105,677561.9288019368,True,677136.2361065898,677561.9288019368,0.000628271272708192,True,1200,4.49423283715579e+307,307.6526555685888,-6593.4982620247065,-8.641999628163843,6584.856262396543,,False,False,False
56,design_000056,90,22.5,equilibrated_log_conductance_finite_volume,row-equilibrated sparse solve,not attempted,False,False,False,inf,inf,inf,nan,1.2861099888148496e-15,116017.35097800105,nan,False,nan,nan,inf,False,0,inf,675.1740156536086,-6593.4982620247065,-8.641999628163843,6584.856262396543,88,False,False,False
56,design_000056,90,22.5,divided_log_density_central_difference,row-equilibrated sparse solve,none,False,True,False,inf,0.46451141715728483,inf,nan,1.2861099888148496e-15,116017.35097800105,nan,False,671021.3341927411,nan,inf,False,0,inf,2859.7667388848895,-6593.4982620247065,-8.641999628163843,6584.856262396543,0,False,False,False
56,design_000056,90,22.5,cosine_ritz_variational_mode_5,dense eigensolved Ritz normal equations,none,True,True,True,1.1491046211948275,1.0886879726706977,1.1491046211948275,-1.6932134251948236e-09,1.2861099888148496e-15,116017.35097800105,642640.3844567336,True,642683.9309465751,642640.3844567336,6.776183211447298e-05,True,1,51568547.80362712,7.712384901626776,-6593.4982620247065,-8.641999628163843,6584.856262396543,,False,False,False
56,design_000056,180,45.0,native_unfloored_ic0_pcg_baseline,native PCG,native IC(0),True,True,True,9.95939000706476e-09,9.587262817007127e-09,9.95939000706476e-09,-2.436146522606058e-10,1.4950060520376326e-10,55700.87161369439,425463.19013266655,True,425477.6906055863,425463.19013266655,3.4081615650940155e-05,True,1017,4.49423283715579e+307,307.6526555685888,-2947.824590086211,-9.742740335336388,2938.081849750875,,True,False,False
56,design_000056,180,45.0,equilibrated_log_conductance_finite_volume,row-equilibrated sparse solve,not attempted,False,False,False,inf,inf,inf,nan,1.4950060520376326e-10,55700.87161369439,nan,False,nan,nan,inf,False,0,inf,403.509420777192,-2947.824590086211,-9.742740335336388,2938.081849750875,5,False,False,False
56,design_000056,180,45.0,divided_log_density_central_difference,row-equilibrated sparse solve,"SuperLU ILU(drop=1e-05,fill=8)",True,True,True,0.16818356665218812,0.35265107341708307,0.16818356665218812,-2.197766877326682e-10,1.4950060520376326e-10,55700.87161369439,423605.7690009678,True,451291.34038161545,423605.7690009678,0.06535692713992383,True,700,inf,1275.9927347269038,-2947.824590086211,-9.742740335336388,2938.081849750875,0,False,False,False
56,design_000056,180,45.0,cosine_ritz_variational_mode_5,dense eigensolved Ritz normal equations,none,True,True,True,0.4331665433071377,0.4248898914390285,0.4331665433071377,-4.400298741425628e-10,1.4950060520376326e-10,55700.87161369439,421165.37934748974,True,421181.68898044777,421165.37934748974,3.8725008649328825e-05,True,1,4187.783986270679,3.621984271863023,-2947.824590086211,-9.742740335336388,2938.081849750875,,False,False,False
88,design_000088,0,0.0,native_unfloored_ic0_pcg_baseline,native PCG,native IC(0),False,False,False,0.5328921110475581,1197.9362444172034,0.5328921110475581,15.191447978116924,1.0757927719414764e-08,1291495.623141272,28678458587170.082,True,1436629960206720.0,28678458587170.082,49.09439248068329,False,1200,4.49423283715579e+307,307.6526555685888,-299915.9200825783,-2.664960713419248,299913.2551218649,,False,False,False
88,design_000088,0,0.0,equilibrated_log_conductance_finite_volume,row-equilibrated sparse solve,not attempted,False,False,False,inf,inf,inf,nan,1.0757927719414764e-08,1291495.623141272,nan,False,nan,nan,inf,False,0,inf,610.3273948194726,-299915.9200825783,-2.664960713419248,299913.2551218649,223588,False,False,False
88,design_000088,0,0.0,divided_log_density_central_difference,row-equilibrated sparse solve,none,False,True,False,inf,3666.3524843373493,inf,nan,1.0757927719414764e-08,1291495.623141272,nan,False,673590858184.5563,nan,inf,False,0,inf,130250.67174906809,-299915.9200825783,-2.664960713419248,299913.2551218649,0,False,False,False
88,design_000088,0,0.0,cosine_ritz_variational_mode_5,dense eigensolved Ritz normal equations,none,True,True,True,5.846711342066116,183.06865859276294,5.846711342066116,1.770947859094391e-07,1.0757927719414764e-08,1291495.623141272,69550993.8549856,True,5818589836.12964,69550993.8549856,82.65933416079501,False,1,407597047265.67084,11.610231029208602,-299915.9200825783,-2.664960713419248,299913.2551218649,,False,False,False
88,design_000088,10,2.5,native_unfloored_ic0_pcg_baseline,native PCG,native IC(0),False,False,False,151832.96611248815,975499.5449168572,151832.96611248815,-339579.0816326526,2.1576254373978407e-14,8002967.469791693,8.035326521201163e+18,True,1.1308513457464209e+20,8.035326521201163e+18,13.07349586557156,False,1200,4.49423283715579e+307,307.6526555685888,-289378.8349590534,-4.26233695676504,289374.57262209663,,False,False,False
88,design_000088,10,2.5,equilibrated_log_conductance_finite_volume,row-equilibrated sparse solve,not attempted,False,False,False,inf,inf,inf,nan,2.1576254373978407e-14,8002967.469791693,nan,False,nan,nan,inf,False,0,inf,7676.24134728458,-289378.8349590534,-4.26233695676504,289374.57262209663,86884,False,False,False
88,design_000088,10,2.5,divided_log_density_central_difference,row-equilibrated sparse solve,none,False,True,False,inf,1.4951599929884165,inf,nan,2.1576254373978407e-14,8002967.469791693,nan,False,2600551461.065109,nan,inf,False,0,inf,125673.78009288837,-289378.8349590534,-4.26233695676504,289374.57262209663,0,False,False,False
88,design_000088,10,2.5,cosine_ritz_variational_mode_5,dense eigensolved Ritz normal equations,none,True,True,True,6.647900855156954,5.394779098392912,6.647900855156954,3.721113144192344e-06,2.1576254373978407e-14,8002967.469791693,236861665.9415077,True,386069221.6322076,236861665.9415077,0.6299354312890219,False,1,358271712922.6058,11.554212520120947,-289378.8349590534,-4.26233695676504,289374.57262209663,,False,False,False
88,design_000088,40,10.0,native_unfloored_ic0_pcg_baseline,native PCG,native IC(0),False,True,False,1.2148787166020661e-08,9.627532364493845e-09,1.2148787166020661e-08,1.6240976817373727e-10,7.673746130484368e-12,2365430.9811505596,2995373.118887269,True,2991725.4782157387,2995373.118887269,0.0012177583649029041,True,1200,4.49423283715579e+307,307.6526555685888,-50561.95886324834,-7.659942168748345,50554.29892107959,,False,False,False
88,design_000088,40,10.0,equilibrated_log_conductance_finite_volume,row-equilibrated sparse solve,not attempted,False,False,False,inf,inf,inf,nan,7.673746130484368e-12,2365430.9811505596,nan,False,nan,nan,inf,False,0,inf,7462.41199941588,-50561.95886324834,-7.659942168748345,50554.29892107959,8579,False,False,False
88,design_000088,40,10.0,divided_log_density_central_difference,row-equilibrated sparse solve,none,False,True,False,inf,0.2617560607400496,inf,nan,7.673746130484368e-12,2365430.9811505596,nan,False,3027691.9962080745,nan,inf,False,0,inf,21955.453057912382,-50561.95886324834,-7.659942168748345,50554.29892107959,0,False,False,False
88,design_000088,40,10.0,cosine_ritz_variational_mode_5,dense eigensolved Ritz normal equations,none,True,True,True,0.6415742103188408,0.6130217944313309,0.6415742103188408,-5.809783594393781e-08,7.673746130484368e-12,2365430.9811505596,2913119.6836330704,True,2912167.103023122,2913119.6836330704,0.0003269967297603002,True,1,378907723857.3013,11.578533458255768,-50561.95886324834,-7.659942168748345,50554.29892107959,,False,False,False
88,design_000088,90,22.5,native_unfloored_ic0_pcg_baseline,native PCG,native IC(0),False,False,False,2.0270278669427368e-08,1.590363204660173e-08,2.0270278669427368e-08,1.6821011703708495e-10,7.824557411342646e-16,327208.05906130193,965725.6530923893,True,965671.1518467002,965725.6530923893,5.643553685727623e-05,True,1200,4.49423283715579e+307,307.6526555685888,-6593.796752349313,-8.992514917506877,6584.804237431806,,False,False,False
88,design_000088,90,22.5,equilibrated_log_conductance_finite_volume,row-equilibrated sparse solve,not attempted,False,False,False,inf,inf,inf,nan,7.824557411342646e-16,327208.05906130193,nan,False,nan,nan,inf,False,0,inf,675.1740156490896,-6593.796752349313,-8.992514917506877,6584.804237431806,88,False,False,False
88,design_000088,90,22.5,divided_log_density_central_difference,row-equilibrated sparse solve,none,False,True,False,inf,0.15634929626851327,inf,nan,7.824557411342646e-16,327208.05906130193,nan,False,967456.2394038276,nan,inf,False,0,inf,2859.744144729783,-6593.796752349313,-8.992514917506877,6584.804237431806,0,False,False,False
88,design_000088,90,22.5,cosine_ritz_variational_mode_5,dense eigensolved Ritz normal equations,none,True,True,True,0.4781381832576993,0.4648183400312671,0.4781381832576993,-2.48531136691861e-09,7.824557411342646e-16,327208.05906130193,942366.3645247894,True,942342.1827998997,942366.3645247894,2.5660640914177553e-05,True,1,68304422.27422792,7.83444882238023,-6593.796752349313,-8.992514917506877,6584.804237431806,,False,False,False
88,design_000088,180,45.0,native_unfloored_ic0_pcg_baseline,native PCG,native IC(0),True,True,True,9.872575125102538e-09,8.841239890837661e-09,9.872575125102538e-09,2.0881255908051912e-10,3.8854370363714924e-11,56213.23682203578,342253.126633435,True,342258.3669990705,342253.126633435,1.5311374031945264e-05,True,974,4.49423283715579e+307,307.6526555685888,-2947.865413531367,-9.92409944980447,2937.9413140815623,,True,False,False
88,design_000088,180,45.0,equilibrated_log_conductance_finite_volume,row-equilibrated sparse solve,not attempted,False,False,False,inf,inf,inf,nan,3.8854370363714924e-11,56213.23682203578,nan,False,nan,nan,inf,False,0,inf,403.50942077788017,-2947.865413531367,-9.92409944980447,2937.9413140815623,5,False,False,False
88,design_000088,180,45.0,divided_log_density_central_difference,row-equilibrated sparse solve,none,False,True,False,inf,0.291006487123963,inf,nan,3.8854370363714924e-11,56213.23682203578,nan,False,357423.4025967089,nan,inf,False,0,inf,1275.9317008612109,-2947.865413531367,-9.92409944980447,2937.9413140815623,0,False,False,False
88,design_000088,180,45.0,cosine_ritz_variational_mode_5,dense eigensolved Ritz normal equations,none,True,True,True,0.2879453973062961,0.27668998200210154,0.2879453973062961,-2.752397653216195e-10,3.8854370363714924e-11,56213.23682203578,341045.1142151258,True,341045.2091877891,341045.1142151258,2.7847536694597446e-07,True,1,4395.839674594444,3.6430418444182697,-2947.865413531367,-9.92409944980447,2937.9413140815623,,False,False,False
138,design_000138,0,0.0,native_unfloored_ic0_pcg_baseline,native PCG,native IC(0),False,False,False,78056.00192398492,18876.11005555117,78056.00192398492,26428.571428571355,5.091576037741954e-09,93967.09452103483,1.0591878539806093e+19,True,2.1222994909828837e+19,1.0591878539806093e+19,1.0037045204086497,False,1200,4.49423283715579e+307,307.6526555685888,-299831.2886150896,-2.9496774897348956,299828.33893759985,,False,False,False
138,design_000138,0,0.0,equilibrated_log_conductance_finite_volume,row-equilibrated sparse solve,not attempted,False,False,False,inf,inf,inf,nan,5.091576037741954e-09,93967.09452103483,nan,False,nan,nan,inf,False,0,inf,610.3273948194726,-299831.2886150896,-2.9496774897348956,299828.33893759985,222808,False,False,False
138,design_000138,0,0.0,divided_log_density_central_difference,row-equilibrated sparse solve,none,False,True,False,inf,2205.1429145762195,inf,nan,5.091576037741954e-09,93967.09452103483,nan,False,256106269311.7694,nan,inf,False,0,inf,130213.7931188175,-299831.2886150896,-2.9496774897348956,299828.33893759985,0,False,False,False
138,design_000138,0,0.0,cosine_ritz_variational_mode_5,dense eigensolved Ritz normal equations,none,True,True,True,91.57366832977488,244.80316350370276,91.57366832977488,5.7078313907288216e-05,5.091576037741954e-09,93967.09452103483,18730728653.356106,True,154051531186.42346,18730728653.356106,7.224534882620333,False,1,437021815974.6313,11.640503117338643,-299831.2886150896,-2.9496774897348956,299828.33893759985,,False,False,False
138,design_000138,10,2.5,native_unfloored_ic0_pcg_baseline,native PCG,native IC(0),False,False,False,440203.26852870866,726271.5436291962,440203.26852870866,-32653.061224489782,3.2144233009409605e-13,2752032.439408802,5.027536894049435e+20,True,9.586651293233973e+20,5.027536894049435e+20,0.9068286310500635,False,1200,4.49423283715579e+307,307.6526555685888,-289348.412200356,-4.591353279210668,289343.82084707683,,False,False,False
138,design_000138,10,2.5,equilibrated_log_conductance_finite_volume,row-equilibrated sparse solve,not attempted,False,False,False,inf,inf,inf,nan,3.2144233009409605e-13,2752032.439408802,nan,False,nan,nan,inf,False,0,inf,7676.24134728458,-289348.412200356,-4.591353279210668,289343.82084707683,86884,False,False,False
138,design_000138,10,2.5,divided_log_density_central_difference,row-equilibrated sparse solve,none,False,True,False,inf,0.831000504786496,inf,nan,3.2144233009409605e-13,2752032.439408802,nan,False,32036192.897161603,nan,inf,False,0,inf,125660.42476668853,-289348.412200356,-4.591353279210668,289343.82084707683,0,False,False,False
138,design_000138,10,2.5,cosine_ritz_variational_mode_5,dense eigensolved Ritz normal equations,none,True,True,True,10.804877213649583,9.094518233665662,10.804877213649583,5.476517544278551e-06,3.2144233009409605e-13,2752032.439408802,483043782.6213012,True,849676707.3693926,483043782.6213012,0.7590055765928903,False,1,384910284219.60913,11.585359514940158,-289348.412200356,-4.591353279210668,289343.82084707683,,False,False,False
138,design_000138,40,10.0,native_unfloored_ic0_pcg_baseline,native PCG,native IC(0),False,True,False,1.2326147191813403e-08,9.391307419359388e-09,1.2326147191813403e-08,4.6402790906782036e-11,1.5443863223441559e-15,2820598.5442881733,3504165.510493713,True,3497525.7553203916,3504165.510493713,0.0018948177971153685,True,1200,4.49423283715579e+307,307.6526555685888,-50563.41257992685,-7.563846326816571,50555.84873360003,,False,False,False
138,design_000138,40,10.0,equilibrated_log_conductance_finite_volume,row-equilibrated sparse solve,not attempted,False,False,False,inf,inf,inf,nan,1.5443863223441559e-15,2820598.5442881733,nan,False,nan,nan,inf,False,0,inf,7462.41199941588,-50563.41257992685,-7.563846326816571,50555.84873360003,8579,False,False,False
138,design_000138,40,10.0,divided_log_density_central_difference,row-equilibrated sparse solve,none,False,True,False,inf,0.16742092660330515,inf,nan,1.5443863223441559e-15,2820598.5442881733,nan,False,3504054.309587218,nan,inf,False,0,inf,21956.126132937996,-50563.41257992685,-7.563846326816571,50555.84873360003,0,False,False,False
138,design_000138,40,10.0,cosine_ritz_variational_mode_5,dense eigensolved Ritz normal equations,none,True,True,True,0.728789534784408,0.7033290023023491,0.728789534784408,3.2641549700709375e-07,1.5443863223441559e-15,2820598.5442881733,3286101.7922345675,True,3285957.251197902,3286101.7922345675,4.398556277441147e-05,True,1,463986196204.5222,11.666505060293286,-50563.41257992685,-7.563846326816571,50555.84873360003,,False,False,False
138,design_000138,90,22.5,native_unfloored_ic0_pcg_baseline,native PCG,native IC(0),False,False,False,2.1148156974052574e-08,1.3208825130365767e-08,2.1148156974052574e-08,1.6240976817373722e-10,1.2776521669900931e-15,130481.47312389973,596367.7936777861,True,596008.5999254516,596367.7936777861,0.0006023023981885912,True,1200,4.49423283715579e+307,307.6526555685888,-6593.56782026713,-8.665563063881741,6584.902257203248,,False,False,False
138,design_000138,90,22.5,equilibrated_log_conductance_finite_volume,row-equilibrated sparse solve,not attempted,False,False,False,inf,inf,inf,nan,1.2776521669900931e-15,130481.47312389973,nan,False,nan,nan,inf,False,0,inf,675.1740156538133,-6593.56782026713,-8.665563063881741,6584.902257203248,88,False,False,False
138,design_000138,90,22.5,divided_log_density_central_difference,row-equilibrated sparse solve,none,False,True,False,inf,0.37976106293707307,inf,nan,1.2776521669900931e-15,130481.47312389973,nan,False,590865.3778847383,nan,inf,False,0,inf,2859.786714175638,-6593.56782026713,-8.665563063881741,6584.902257203248,0,False,False,False
138,design_000138,90,22.5,cosine_ritz_variational_mode_5,dense eigensolved Ritz normal equations,none,True,True,True,1.0356911081002236,0.9870850016002763,1.0356911081002236,2.4226867509541146e-09,1.2776521669900931e-15,130481.47312389973,549715.9827131394,True,549756.9753090503,549715.9827131394,7.457050040384386e-05,True,1,54724499.12587074,7.738181795313228,-6593.56782026713,-8.665563063881741,6584.902257203248,,False,False,False
138,design_000138,180,45.0,native_unfloored_ic0_pcg_baseline,native PCG,native IC(0),True,True,True,9.590809615194926e-09,9.767466975322068e-09,9.590809615194926e-09,-1.3920837272034612e-10,5.786269881519276e-11,55258.286249858014,362242.71289543057,True,362255.7044372097,362242.71289543057,3.586419082192751e-05,True,873,4.49423283715579e+307,307.6526555685888,-2947.9647936635324,-9.954076927423968,2938.0107167361084,,True,False,False
138,design_000138,180,45.0,equilibrated_log_conductance_finite_volume,row-equilibrated sparse solve,not attempted,False,False,False,inf,inf,inf,nan,5.786269881519276e-11,55258.286249858014,nan,False,nan,nan,inf,False,0,inf,403.509420777212,-2947.9647936635324,-9.954076927423968,2938.0107167361084,5,False,False,False
138,design_000138,180,45.0,divided_log_density_central_difference,row-equilibrated sparse solve,none,False,True,False,inf,0.22991609948587177,inf,nan,5.786269881519276e-11,55258.286249858014,nan,False,377469.74407921114,nan,inf,False,0,inf,1275.9618420511097,-2947.9647936635324,-9.954076927423968,2938.0107167361084,0,False,False,False
138,design_000138,180,45.0,cosine_ritz_variational_mode_5,dense eigensolved Ritz normal equations,none,True,True,True,0.2410549119183108,0.23367743971293992,0.2410549119183108,-6.90100716132674e-10,5.786269881519276e-11,55258.286249858014,360752.12125159946,True,360746.66436444205,360752.12125159946,1.5126417381743603e-05,True,1,5036.013850268922,3.702086915853437,-2947.9647936635324,-9.954076927423968,2938.0107167361084,,False,False,False
192,design_000192,0,0.0,native_unfloored_ic0_pcg_baseline,native PCG,native IC(0),False,False,False,1030018.0179175365,49753352.35830003,1030018.0179175365,-1018775.5102040812,5.3511731868780445e-11,89768.29999268682,6.069578856879268e+20,True,9.385456238282089e+21,6.069578856879268e+20,14.463109483526361,False,1200,4.49423283715579e+307,307.6526555685888,-299858.6269973783,-3.3599795243061834,299855.267017854,,False,False,False
192,design_000192,0,0.0,equilibrated_log_conductance_finite_volume,row-equilibrated sparse solve,not attempted,False,False,False,inf,inf,inf,nan,5.3511731868780445e-11,89768.29999268682,nan,False,nan,nan,inf,False,0,inf,610.3273948194726,-299858.6269973783,-3.3599795243061834,299855.267017854,217248,False,False,False
192,design_000192,0,0.0,divided_log_density_central_difference,row-equilibrated sparse solve,none,False,True,False,inf,2278.942750853387,inf,nan,5.3511731868780445e-11,89768.29999268682,nan,False,310270278252.98157,nan,inf,False,0,inf,130225.48783548013,-299858.6269973783,-3.3599795243061834,299855.267017854,0,False,False,False
192,design_000192,0,0.0,cosine_ritz_variational_mode_5,dense eigensolved Ritz normal equations,none,True,True,True,24.429916536556853,83.56016350194434,24.429916536556853,0.0004128293240106562,5.3511731868780445e-11,89768.29999268682,1862976239.1004565,True,16102359830.938864,1862976239.1004565,7.643352230146497,False,1,269367859687.79553,11.430345775526007,-299858.6269973783,-3.3599795243061834,299855.267017854,,False,False,False
192,design_000192,10,2.5,native_unfloored_ic0_pcg_baseline,native PCG,native IC(0),False,False,False,1.2850502304565311e-06,2.879596278965972e-07,1.2850502304565311e-06,-0.00031429761070377987,6.070423265626182e-09,1443355.481766908,13957168591.471424,True,13132908686.603045,13957168591.471424,0.05905638378345924,True,1200,4.49423283715579e+307,307.6526555685888,-289348.371209277,-5.091313030398192,289343.2798962466,,False,False,False
192,design_000192,10,2.5,equilibrated_log_conductance_finite_volume,row-equilibrated sparse solve,not attempted,False,False,False,inf,inf,inf,nan,6.070423265626182e-09,1443355.481766908,nan,False,nan,nan,inf,False,0,inf,7676.24134728458,-289348.371209277,-5.091313030398192,289343.2798962466,86881,False,False,False
192,design_000192,10,2.5,divided_log_density_central_difference,row-equilibrated sparse solve,none,False,True,False,inf,6.0886686436207516,inf,nan,6.070423265626182e-09,1443355.481766908,nan,False,3651105712.166223,nan,inf,False,0,inf,125660.189834728,-289348.371209277,-5.091313030398192,289343.2798962466,0,False,False,False
192,design_000192,10,2.5,cosine_ritz_variational_mode_5,dense eigensolved Ritz normal equations,none,True,True,True,3.008054355466759,2.533838485658151,3.008054355466759,-6.644356583182565e-05,6.070423265626182e-09,1443355.481766908,138910768.08970612,True,156977380.19267777,138910768.08970612,0.1300591188964166,False,1,608375086569.8394,11.78417142105029,-289348.371209277,-5.091313030398192,289343.2798962466,,False,False,False
192,design_000192,40,10.0,native_unfloored_ic0_pcg_baseline,native PCG,native IC(0),True,True,True,9.979677007554173e-09,9.790734826606486e-09,9.979677007554173e-09,8.642519806388154e-10,1.542367304243954e-10,1961607.4043390742,2902294.4229276334,True,2896713.9756869315,2902294.4229276334,0.0019227708934756206,True,1007,4.49423283715579e+307,307.6526555685888,-50561.94357233375,-7.775811007269074,50554.167761326484,,True,False,False
192,design_000192,40,10.0,equilibrated_log_conductance_finite_volume,row-equilibrated sparse solve,not attempted,False,False,False,inf,inf,inf,nan,1.542367304243954e-10,1961607.4043390742,nan,False,nan,nan,inf,False,0,inf,7462.41199941588,-50561.94357233375,-7.775811007269074,50554.167761326484,8579,False,False,False
192,design_000192,40,10.0,divided_log_density_central_difference,row-equilibrated sparse solve,none,False,True,False,inf,0.08554676543166806,inf,nan,1.542367304243954e-10,1961607.4043390742,nan,False,2822250.0251659458,nan,inf,False,0,inf,21955.39609595536,-50561.94357233375,-7.775811007269074,50554.167761326484,0,False,False,False
192,design_000192,40,10.0,cosine_ritz_variational_mode_5,dense eigensolved Ritz normal equations,none,True,True,True,0.8859142948594662,0.8593459063296963,0.8859142948594662,2.2304942687562603e-06,1.542367304243954e-10,1961607.4043390742,2567372.6598501853,True,2566610.3811992537,2567372.6598501853,0.0002969100134360821,True,1,715777490456.9119,11.854778036713856,-50561.94357233375,-7.775811007269074,50554.167761326484,,False,False,False
192,design_000192,90,22.5,native_unfloored_ic0_pcg_baseline,native PCG,native IC(0),False,False,False,1.9286694747281084e-08,1.6756288161008123e-08,1.9286694747281084e-08,-4.548401564682779e-07,1.819184956750005e-15,101890.0275429923,522253.1883506201,True,522044.52976780065,522253.1883506201,0.0003995352971964357,True,1200,4.49423283715579e+307,307.6526555685888,-6593.558754819976,-8.710453423999512,6584.848301395976,,False,False,False
192,design_000192,90,22.5,equilibrated_log_conductance_finite_volume,row-equilibrated sparse solve,not attempted,False,False,False,inf,inf,inf,nan,1.819184956750005e-15,101890.0275429923,nan,False,nan,nan,inf,False,0,inf,675.1740156527433,-6593.558754819976,-8.710453423999512,6584.848301395976,88,False,False,False
192,design_000192,90,22.5,divided_log_density_central_difference,row-equilibrated sparse solve,none,False,True,False,inf,0.16946814457760614,inf,nan,1.819184956750005e-15,101890.0275429923,nan,False,518481.28700204974,nan,inf,False,0,inf,2859.763281466273,-6593.558754819976,-8.710453423999512,6584.848301395976,0,False,False,False
192,design_000192,90,22.5,cosine_ritz_variational_mode_5,dense eigensolved Ritz normal equations,none,True,True,True,0.6000767802013174,0.5928731208166228,0.6000767802013174,-7.364534995184766e-10,1.819184956750005e-15,101890.0275429923,493535.98423304723,True,493605.072933732,493535.98423304723,0.00013998715978560415,True,1,57248638.9875262,7.757765166344097,-6593.558754819976,-8.710453423999512,6584.848301395976,,False,False,False
192,design_000192,180,45.0,native_unfloored_ic0_pcg_baseline,native PCG,native IC(0),True,True,True,9.619016384481313e-09,9.7587443587191e-09,9.619016384481313e-09,-1.2760767499365076e-10,1.0994166144954819e-10,29784.53514147202,265804.197866024,True,265795.61249669245,265804.197866024,3.229960023376582e-05,True,977,4.49423283715579e+307,307.6526555685888,-2947.814118731763,-9.881496279844189,2937.9326224519186,,True,False,False
192,design_000192,180,45.0,equilibrated_log_conductance_finite_volume,row-equilibrated sparse solve,not attempted,False,False,False,inf,inf,inf,nan,1.0994166144954819e-10,29784.53514147202,nan,False,nan,nan,inf,False,0,inf,403.5094207772167,-2947.814118731763,-9.881496279844189,2937.9326224519186,5,False,False,False
192,design_000192,180,45.0,divided_log_density_central_difference,row-equilibrated sparse solve,"SuperLU ILU(drop=1e-05,fill=8)",True,True,True,0.17606140888814256,0.3695435159362198,0.17606140888814256,-9.46775479984752e-11,1.0994166144954819e-10,29784.53514147202,264860.3622193084,True,281738.0121863236,264860.3622193084,0.0637228229456254,True,897,inf,1275.927926134418,-2947.814118731763,-9.881496279844189,2937.9326224519186,0,False,False,False
192,design_000192,180,45.0,cosine_ritz_variational_mode_5,dense eigensolved Ritz normal equations,none,True,True,True,0.3696254508576417,0.3606435060564072,0.3696254508576417,-1.8146016415880296e-10,1.0994166144954819e-10,29784.53514147202,263999.17306947534,True,263993.1854002736,263999.17306947534,2.268063620095752e-05,True,1,4117.157575192138,3.6145974889860293,-2947.814118731763,-9.881496279844189,2937.9326224519186,,False,False,False
223,design_000223,0,0.0,native_unfloored_ic0_pcg_baseline,native PCG,native IC(0),False,False,False,2101.790525138406,78667.96418105843,2101.790525138406,437.79509408133254,1.958866428726767e-06,303633.9335572757,58207155983848.45,True,6.735955750256641e+18,58207155983848.45,115722.84247953568,False,1200,4.49423283715579e+307,307.6526555685888,-299878.61149915226,-3.7167492062274334,299874.894749946,,False,False,False
223,design_000223,0,0.0,equilibrated_log_conductance_finite_volume,row-equilibrated sparse solve,not attempted,False,False,False,inf,inf,inf,nan,1.958866428726767e-06,303633.9335572757,nan,False,nan,nan,inf,False,0,inf,754.2314369064195,-299878.61149915226,-3.7167492062274334,299874.894749946,241752,False,False,False
223,design_000223,0,0.0,divided_log_density_central_difference,row-equilibrated sparse solve,none,False,True,False,inf,1639.9092932132648,inf,nan,1.958866428726767e-06,303633.9335572757,nan,False,886804670356.0621,nan,inf,False,0,inf,130234.01205121996,-299878.61149915226,-3.7167492062274334,299874.894749946,0,False,False,False
223,design_000223,0,0.0,cosine_ritz_variational_mode_5,dense eigensolved Ritz normal equations,none,True,True,True,2.2239588359575007,1.3529611979128058,2.2239588359575007,-3.7716205953715767e-06,1.958866428726767e-06,303633.9335572757,3638841.3691176637,True,2661673.5125266407,3638841.3691176637,0.2685381849519766,False,1,456452047402.7512,11.659395159433835,-299878.61149915226,-3.7167492062274334,299874.894749946,,False,False,False
223,design_000223,10,2.5,native_unfloored_ic0_pcg_baseline,native PCG,native IC(0),False,False,False,6245.107553516787,1859.4182688384137,6245.107553516787,-25780.888771524234,7.960221029751927e-08,2036829.603779412,2.8247479725792424e+16,True,9.940871316545224e+16,2.8247479725792424e+16,2.519206461264697,False,1200,4.49423283715579e+307,307.6526555685888,-289362.08545725216,-4.634903467236844,289357.4505537849,,False,False,False
223,design_000223,10,2.5,equilibrated_log_conductance_finite_volume,row-equilibrated sparse solve,not attempted,False,False,False,inf,inf,inf,nan,7.960221029751927e-08,2036829.603779412,nan,False,nan,nan,inf,False,0,inf,7676.24134728458,-289362.08545725216,-4.634903467236844,289357.4505537849,86888,False,False,False
223,design_000223,10,2.5,divided_log_density_central_difference,row-equilibrated sparse solve,none,False,True,False,inf,0.3876091477443365,inf,nan,7.960221029751927e-08,2036829.603779412,nan,False,4640213.19511647,nan,inf,False,0,inf,125666.3440731018,-289362.08545725216,-4.634903467236844,289357.4505537849,0,False,False,False
223,design_000223,10,2.5,cosine_ritz_variational_mode_5,dense eigensolved Ritz normal equations,none,True,True,True,0.767797548843192,0.3447989734385368,0.767797548843192,-5.368160922992765e-07,7.960221029751927e-08,2036829.603779412,5654185.55508125,True,4147529.9537557806,5654185.55508125,0.26646730756324094,False,1,307295102083.7325,11.487555638177108,-289362.08545725216,-4.634903467236844,289357.4505537849,,False,False,False
223,design_000223,40,10.0,native_unfloored_ic0_pcg_baseline,native PCG,native IC(0),False,False,False,3.777236634076791e-08,3.470427615887997e-08,3.777236634076791e-08,-3.6240579698196798e-06,2.1568023364806635e-13,2219583.155896702,14278044.364952996,True,14228701.24649059,14278044.364952996,0.003455873731806305,True,1200,4.49423283715579e+307,307.6526555685888,-50563.55921357298,-7.2532274628357705,50556.30598611014,,False,False,False
223,design_000223,40,10.0,equilibrated_log_conductance_finite_volume,row-equilibrated sparse solve,not attempted,False,False,False,inf,inf,inf,nan,2.1568023364806635e-13,2219583.155896702,nan,False,nan,nan,inf,False,0,inf,7462.41199941588,-50563.55921357298,-7.2532274628357705,50556.30598611014,8579,False,False,False
223,design_000223,40,10.0,divided_log_density_central_difference,row-equilibrated sparse solve,none,False,True,False,inf,0.15791220310012502,inf,nan,2.1568023364806635e-13,2219583.155896702,nan,False,17906138.637664244,nan,inf,False,0,inf,21956.32471517997,-50563.55921357298,-7.2532274628357705,50556.30598611014,0,False,False,False
223,design_000223,40,10.0,cosine_ritz_variational_mode_5,dense eigensolved Ritz normal equations,none,True,True,True,0.9043422635041383,0.8749559251837653,0.9043422635041383,2.184505112916784e-06,2.1568023364806635e-13,2219583.155896702,8034910.31744091,True,8064766.821797443,8034910.31744091,0.0037158478659960383,True,1,371968556906.30707,11.5705062298302,-50563.55921357298,-7.2532274628357705,50556.30598611014,,False,False,False
223,design_000223,90,22.5,native_unfloored_ic0_pcg_baseline,native PCG,native IC(0),False,True,False,2.050867088711538e-08,9.93331675491954e-09,2.050867088711538e-08,2.724307854137173e-07,5.964678324016104e-12,517073.4875932774,1668436.09777807,True,1668371.916345849,1668436.09777807,3.846801942643058e-05,True,1200,4.49423283715579e+307,307.6526555685888,-6594.176333693389,-9.231718127880711,6584.944615565509,,False,False,False
223,design_000223,90,22.5,equilibrated_log_conductance_finite_volume,row-equilibrated sparse solve,not attempted,False,False,False,inf,inf,inf,nan,5.964678324016104e-12,517073.4875932774,nan,False,nan,nan,inf,False,0,inf,675.1740156501667,-6594.176333693389,-9.231718127880711,6584.944615565509,88,False,False,False
223,design_000223,90,22.5,divided_log_density_central_difference,row-equilibrated sparse solve,none,False,True,False,inf,0.09489117153778147,inf,nan,5.964678324016104e-12,517073.4875932774,nan,False,1675890.665978023,nan,inf,False,0,inf,2859.80511017863,-6594.176333693389,-9.231718127880711,6584.944615565509,0,False,False,False
223,design_000223,90,22.5,cosine_ritz_variational_mode_5,dense eigensolved Ritz normal equations,none,True,True,True,0.24948398162750868,0.24318388007530936,0.24948398162750868,2.3508385013367624e-09,5.964678324016104e-12,517073.4875932774,1648733.1948348726,True,1648670.442117503,1648733.1948348726,3.806117179316369e-05,True,1,91157546.3293945,7.959792626842413,-6594.176333693389,-9.231718127880711,6584.944615565509,,False,False,False
223,design_000223,180,45.0,native_unfloored_ic0_pcg_baseline,native PCG,native IC(0),True,True,True,9.704840349849874e-09,9.974365622567464e-09,9.704840349849874e-09,5.684341886080799e-10,7.79764530182055e-11,53241.98853192449,304725.26285079925,True,304822.56895384705,304725.26285079925,0.00031932404336112356,True,933,4.49423283715579e+307,307.6526555685888,-2947.9077005156696,-9.650063530984653,2938.2576369846847,,True,False,False
223,design_000223,180,45.0,equilibrated_log_conductance_finite_volume,row-equilibrated sparse solve,not attempted,False,False,False,inf,inf,inf,nan,7.79764530182055e-11,53241.98853192449,nan,False,nan,nan,inf,False,0,inf,403.5094207762948,-2947.9077005156696,-9.650063530984653,2938.2576369846847,5,False,False,False
223,design_000223,180,45.0,divided_log_density_central_difference,row-equilibrated sparse solve,none,False,True,False,inf,0.4515984450899661,inf,nan,7.79764530182055e-11,53241.98853192449,nan,False,346213.05649408227,nan,inf,False,0,inf,1276.0690781525366,-2947.9077005156696,-9.650063530984653,2938.2576369846847,0,False,False,False
223,design_000223,180,45.0,cosine_ritz_variational_mode_5,dense eigensolved Ritz normal equations,none,True,True,True,0.5080173427883039,0.5053231669648386,0.5080173427883039,-1.319674167247569e-10,7.79764530182055e-11,53241.98853192449,291736.95051926107,True,291807.12695803813,291736.95051926107,0.0002405469675752782,True,1,4297.990753792952,3.63326547686482,-2947.9077005156696,-9.650063530984653,2938.2576369846847,,False,False,False
241,design_000241,0,0.0,native_unfloored_ic0_pcg_baseline,native PCG,native IC(0),False,False,False,0.22646800914869877,5.456682375643681,0.22646800914869877,-0.08756560938698911,9.204147451372192e-07,1678761.7213744444,28686106970.988792,True,5581580632296.72,28686106970.988792,193.57435050150082,False,1200,4.49423283715579e+307,307.6526555685888,-299848.94337944017,-3.328650937372302,299845.6147285028,,False,False,False
241,design_000241,0,0.0,equilibrated_log_conductance_finite_volume,row-equilibrated sparse solve,not attempted,False,False,False,inf,inf,inf,nan,9.204147451372192e-07,1678761.7213744444,nan,False,nan,nan,inf,False,0,inf,685.7111722794749,-299848.94337944017,-3.328650937372302,299845.6147285028,243066,False,False,False
241,design_000241,0,0.0,divided_log_density_central_difference,row-equilibrated sparse solve,none,False,True,False,inf,400.74048687529694,inf,nan,9.204147451372192e-07,1678761.7213744444,nan,False,56547787772.20125,nan,inf,False,0,inf,130221.29589947718,-299848.94337944017,-3.328650937372302,299845.6147285028,0,False,False,False
241,design_000241,0,0.0,cosine_ritz_variational_mode_5,dense eigensolved Ritz normal equations,none,True,True,True,1.520179218102509,3.474043023704776,1.520179218102509,-2.4174410938579197e-06,9.204147451372192e-07,1678761.7213744444,7599509.89310441,True,79233240.11551236,7599509.89310441,9.426098686627997,False,1,526234551293.72375,11.721179359415943,-299848.94337944017,-3.328650937372302,299845.6147285028,,False,False,False
241,design_000241,10,2.5,native_unfloored_ic0_pcg_baseline,native PCG,native IC(0),False,False,False,17528.553213963332,49957.89330615004,17528.553213963332,633.3705357142852,1.5923362619564995e-08,1430339.7355549643,5.389888491068604e+17,True,5.816680145743873e+19,5.389888491068604e+17,106.91837633343417,False,1200,4.49423283715579e+307,307.6526555685888,-289359.1962965818,-5.811423891338533,289353.3848726905,,False,False,False
241,design_000241,10,2.5,equilibrated_log_conductance_finite_volume,row-equilibrated sparse solve,not attempted,False,False,False,inf,inf,inf,nan,1.5923362619564995e-08,1430339.7355549643,nan,False,nan,nan,inf,False,0,inf,7676.24134728458,-289359.1962965818,-5.811423891338533,289353.3848726905,86884,False,False,False
241,design_000241,10,2.5,divided_log_density_central_difference,row-equilibrated sparse solve,none,False,True,False,inf,0.2614024839859554,inf,nan,1.5923362619564995e-08,1430339.7355549643,nan,False,10147495.029511409,nan,inf,False,0,inf,125664.57837023733,-289359.1962965818,-5.811423891338533,289353.3848726905,0,False,False,False
241,design_000241,10,2.5,cosine_ritz_variational_mode_5,dense eigensolved Ritz normal equations,none,True,True,True,3.682975278840533,5.794136104866463,3.682975278840533,0.00040094118439818756,1.5923362619564995e-08,1430339.7355549643,51946360.88522059,True,1575763029.9876556,51946360.88522059,29.334425802597092,False,1,894881709112.2041,11.951765631433139,-289359.1962965818,-5.811423891338533,289353.3848726905,,False,False,False
241,design_000241,40,10.0,native_unfloored_ic0_pcg_baseline,native PCG,native IC(0),True,True,True,9.938060301980812e-09,9.82669249934232e-09,9.938060301980812e-09,1.0440627954025957e-10,2.6276071350702837e-12,1883981.6910694283,3114463.2722072345,True,3119783.309072538,3114463.2722072345,0.0017081713285168902,True,723,4.49423283715579e+307,307.6526555685888,-50564.94444948362,-7.756963109567556,50557.18748637405,,True,False,False
241,design_000241,40,10.0,equilibrated_log_conductance_finite_volume,row-equilibrated sparse solve,not attempted,False,False,False,inf,inf,inf,nan,2.6276071350702837e-12,1883981.6910694283,nan,False,nan,nan,inf,False,0,inf,7462.41199941588,-50564.94444948362,-7.756963109567556,50557.18748637405,8579,False,False,False
241,design_000241,40,10.0,divided_log_density_central_difference,row-equilibrated sparse solve,none,False,True,False,inf,0.20501078904335626,inf,nan,2.6276071350702837e-12,1883981.6910694283,nan,False,3020448.237737364,nan,inf,False,0,inf,21956.707545880385,-50564.94444948362,-7.756963109567556,50557.18748637405,0,False,False,False
241,design_000241,40,10.0,cosine_ritz_variational_mode_5,dense eigensolved Ritz normal equations,none,True,True,True,0.6166759637242448,0.6127366536761369,0.6166759637242448,6.137039806629198e-07,2.6276071350702837e-12,1883981.6910694283,2405783.043026722,True,2420432.655551606,2405783.043026722,0.0060893323557776454,True,1,68932201021.24158,10.83842214583959,-50564.94444948362,-7.756963109567556,50557.18748637405,,False,False,False
241,design_000241,90,22.5,native_unfloored_ic0_pcg_baseline,native PCG,native IC(0),False,False,False,2.6205222922336413e-08,1.4387490121445935e-08,2.6205222922336413e-08,1.508090704470416e-10,2.0247395128519313e-13,346776.19515513664,1734673.6314148065,True,1734596.5963958793,1734673.6314148065,4.4408940985835366e-05,True,1200,4.49423283715579e+307,307.6526555685888,-6594.559209680929,-8.995486150463654,6585.563723530465,,False,False,False
241,design_000241,90,22.5,equilibrated_log_conductance_finite_volume,row-equilibrated sparse solve,not attempted,False,False,False,inf,inf,inf,nan,2.0247395128519313e-13,346776.19515513664,nan,False,nan,nan,inf,False,0,inf,675.1740156536955,-6594.559209680929,-8.995486150463654,6585.563723530465,88,False,False,False
241,design_000241,90,22.5,divided_log_density_central_difference,row-equilibrated sparse solve,none,False,True,False,inf,0.04137055561261289,inf,nan,2.0247395128519313e-13,346776.19515513664,nan,False,1733815.3215680353,nan,inf,False,0,inf,2860.073985351513,-6594.559209680929,-8.995486150463654,6585.563723530465,0,False,False,False
241,design_000241,90,22.5,cosine_ritz_variational_mode_5,dense eigensolved Ritz normal equations,none,True,True,True,0.40819271262106493,0.4052348938096183,0.40819271262106493,-1.7590629699775387e-09,2.0247395128519313e-13,346776.19515513664,1700297.0602805659,True,1700264.2075720178,1700297.0602805659,1.9321746367457442e-05,True,1,119274325.48535296,8.076546969235848,-6594.559209680929,-8.995486150463654,6585.563723530465,,False,False,False
241,design_000241,180,45.0,native_unfloored_ic0_pcg_baseline,native PCG,native IC(0),True,True,True,9.432500232890546e-09,9.357449724115842e-09,9.432500232890546e-09,-9.280558181356416e-11,7.38523727247794e-11,31429.62797097932,289300.4718146945,True,289356.8858262128,289300.4718146945,0.00019500145009936643,True,1027,4.49423283715579e+307,307.6526555685888,-2947.917262184944,-9.689767006647157,2938.2274951782965,,True,False,False
241,design_000241,180,45.0,equilibrated_log_conductance_finite_volume,row-equilibrated sparse solve,not attempted,False,False,False,inf,inf,inf,nan,7.38523727247794e-11,31429.62797097932,nan,False,nan,nan,inf,False,0,inf,403.50942077719367,-2947.917262184944,-9.689767006647157,2938.2274951782965,5,False,False,False
241,design_000241,180,45.0,divided_log_density_central_difference,row-equilibrated sparse solve,"SuperLU ILU(drop=1e-05,fill=8)",False,True,False,3.972327254168116,0.4254415932660594,3.972327254168116,2.493479997712987e-10,7.38523727247794e-11,31429.62797097932,303081.52907341166,True,318437.7818848508,303081.52907341166,0.05066706921529226,True,1200,inf,1276.0559877323476,-2947.917262184944,-9.689767006647157,2938.2274951782965,0,False,False,False
241,design_000241,180,45.0,cosine_ritz_variational_mode_5,dense eigensolved Ritz normal equations,none,True,True,True,0.48691677810117234,0.48146399202579593,0.48691677810117234,9.797888800987775e-11,7.38523727247794e-11,31429.62797097932,282379.96098301344,True,282422.9479334116,282379.96098301344,0.0001522308815699483,True,1,4373.631010556921,3.640842140192538,-2947.917262184944,-9.689767006647157,2938.2274951782965,,False,False,False
