contract_hash,design_index,design_id,source_time_index,day,grid_nx,grid_ny,tangent_action,direct_action_qr,direct_action_svd,direct_qr_svd_relative_difference,direct_condition_number,direct_full_column_rank,direct_numerical_success,forcing_compatibility_relative_residual,forcing_compatibility_valid,multiplier_coordinate_ready,lambda_dot_solve_relative_residual,lambda_dot_valid,tangent_compatibility_relative_residual,tangent_compatibility_valid,tangent_full_lower_bound_valid,local_valid,final_test_accessed
04d783147dc5ecdf04ca7090e1d08aca987bf46b0a97310d619a107eb8ffe776,14,design_000014,48,12.0,511,273,1974960.0418746322,3333128.1767572686,3333128.176753921,1.0043535132549827e-12,1856407.4378609867,True,True,1.5135692923600592e-15,True,True,1.8668023215389097e-16,True,5.017531537470968e-16,True,True,True,False
04d783147dc5ecdf04ca7090e1d08aca987bf46b0a97310d619a107eb8ffe776,14,design_000014,49,12.249999999999998,511,273,1837372.2823791439,3256990.067410326,3256990.0674114907,3.575752014749749e-13,1556630.12020523,True,True,3.8483064280676105e-15,True,True,9.993212145086184e-17,True,3.65568834418244e-16,True,True,True,False
04d783147dc5ecdf04ca7090e1d08aca987bf46b0a97310d619a107eb8ffe776,14,design_000014,50,12.5,511,273,1685233.3045377412,3107210.8440952334,3107210.8440928617,7.632610258055691e-13,1305828.879579964,True,True,4.100762350998241e-15,True,True,7.980496913207905e-17,True,9.144478342010946e-16,True,True,True,False
04d783147dc5ecdf04ca7090e1d08aca987bf46b0a97310d619a107eb8ffe776,14,design_000014,51,12.75,511,273,1527821.3797730412,2908492.3633678323,2908492.3633659296,6.541849804742954e-13,1093403.7254856129,True,True,8.3786898946805485e-16,True,True,1.0042783966968527e-16,True,7.344030660470388e-16,True,True,True,False
04d783147dc5ecdf04ca7090e1d08aca987bf46b0a97310d619a107eb8ffe776,14,design_000014,52,12.999999999999998,511,273,1374881.574397299,2683956.5122681595,2683956.5122673875,2.876598077603625e-13,918109.1985756132,True,True,1.8325979805274243e-15,True,True,1.121916724929093e-16,True,1.1358909759986914e-15,True,True,True,False
04d783147dc5ecdf04ca7090e1d08aca987bf46b0a97310d619a107eb8ffe776,14,design_000014,53,13.25,511,273,1232117.233007704,2455676.986029486,2455676.986030281,3.2369233492686613e-13,771545.1731398795,True,True,7.210963867044858e-16,True,True,2.2993556209122777e-16,True,1.1027520068340071e-16,True,True,True,False
04d783147dc5ecdf04ca7090e1d08aca987bf46b0a97310d619a107eb8ffe776,14,design_000014,54,13.5,511,273,1104935.7965701392,2242330.661153819,2242330.661152634,5.285161536293601e-13,649031.7033106702,True,True,1.6770938054036553e-15,True,True,1.6322295297980128e-16,True,4.706632768695344e-16,True,True,True,False
04d783147dc5ecdf04ca7090e1d08aca987bf46b0a97310d619a107eb8ffe776,14,design_000014,55,13.750000000000002,511,273,997314.0502599485,2058473.3000126905,2058473.3000126998,4.524336432295395e-15,546654.7820003954,True,True,1.8797090407813783e-15,True,True,6.793783631445168e-17,True,6.186885903856385e-16,True,True,True,False
04d783147dc5ecdf04ca7090e1d08aca987bf46b0a97310d619a107eb8ffe776,14,design_000014,56,14.0,511,273,909421.8767613886,1909696.9291138155,1909696.929114145,1.7251709197807143e-13,460039.79871808144,True,True,9.48710832925164e-16,True,True,3.732300189595793e-17,True,5.727097736381162e-16,True,True,True,False
04d783147dc5ecdf04ca7090e1d08aca987bf46b0a97310d619a107eb8ffe776,14,design_000014,57,14.25,511,273,841525.9950303637,1798051.7914217368,1798051.7914219985,1.4554733335015972e-13,388661.9188072267,True,True,3.4332479378917873e-16,True,True,4.0759044312442105e-17,True,6.073440330446553e-16,True,True,True,False
04d783147dc5ecdf04ca7090e1d08aca987bf46b0a97310d619a107eb8ffe776,14,design_000014,58,14.500000000000002,511,273,787140.933324667,1711512.8328183403,1711512.832818073,1.5617153070041422e-13,328975.77187982056,True,True,9.561229210551209e-16,True,True,8.871354628698694e-17,True,6.53119272329985e-16,True,True,True,False
04d783147dc5ecdf04ca7090e1d08aca987bf46b0a97310d619a107eb8ffe776,14,design_000014,59,14.75,511,273,739008.8524676495,1634121.8465446841,1634121.8465448197,8.29237029619722e-14,279016.33396661107,True,True,2.758597804885612e-16,True,True,9.630025812804621e-17,True,5.514805078168314e-16,True,True,True,False
04d783147dc5ecdf04ca7090e1d08aca987bf46b0a97310d619a107eb8ffe776,14,design_000014,60,15.0,511,273,690472.869790086,1550174.6751399983,1550174.6751400658,4.3556953769433336e-14,237168.26302845497,True,True,1.0668936485517197e-16,True,True,1.1668037076413102e-16,True,3.455774694792627e-16,True,True,True,False
04d783147dc5ecdf04ca7090e1d08aca987bf46b0a97310d619a107eb8ffe776,14,design_000014,61,15.25,511,273,636434.6347448683,1447496.1262307223,1447496.1262306375,5.854962424714624e-14,201693.98114676285,True,True,3.965242570907354e-16,True,True,1.4968534143708684e-16,True,4.1873804017029523e-16,True,True,True,False
04d783147dc5ecdf04ca7090e1d08aca987bf46b0a97310d619a107eb8ffe776,14,design_000014,62,15.5,511,273,580239.5487480955,1331749.0851127992,1331749.0851131112,2.342731569961517e-13,172383.76039572322,True,True,1.0265091647618724e-15,True,True,1.2213763034442555e-16,True,2.0031204273940686e-16,True,True,True,False
04d783147dc5ecdf04ca7090e1d08aca987bf46b0a97310d619a107eb8ffe776,14,design_000014,63,15.749999999999998,511,273,524376.8956908537,1208748.6048166829,1208748.6048164705,1.7567056223782158e-13,147870.6865459067,True,True,9.7460032260123e-16,True,True,1.6066562293129134e-16,True,3.842449623943694e-16,True,True,True,False
04d783147dc5ecdf04ca7090e1d08aca987bf46b0a97310d619a107eb8ffe776,14,design_000014,64,16.0,511,273,474022.484837807,1090470.148958246,1090470.1489582187,2.498113802888318e-14,127392.48129248286,True,True,8.994206098597228e-16,True,True,1.7116757937006133e-16,True,4.0492614310080727e-16,True,True,True,False
04d783147dc5ecdf04ca7090e1d08aca987bf46b0a97310d619a107eb8ffe776,14,design_000014,65,16.25,511,273,433831.7494508019,988381.095851662,988381.0958516655,3.5335152295670644e-15,110298.29631746912,True,True,3.3291059546516027e-16,True,True,1.0413757510940529e-16,True,4.899563526019289e-16,True,True,True,False
04d783147dc5ecdf04ca7090e1d08aca987bf46b0a97310d619a107eb8ffe776,14,design_000014,66,16.5,511,273,405731.9974863891,909278.7785147177,909278.7785147451,3.0087142992621864e-14,95860.31998257464,True,True,1.2870699475445354e-15,True,True,7.676644063645357e-17,True,5.582564930264496e-16,True,True,True,False
04d783147dc5ecdf04ca7090e1d08aca987bf46b0a97310d619a107eb8ffe776,14,design_000014,67,16.75,511,273,393008.72793609387,863181.9223073451,863181.9223073493,4.855235585294615e-15,83947.99663019083,True,True,9.619335718913705e-16,True,True,0.0,True,5.587025376648804e-16,True,True,True,False
04d783147dc5ecdf04ca7090e1d08aca987bf46b0a97310d619a107eb8ffe776,14,design_000014,68,17.0,511,273,393142.1618570823,849644.4688946609,849644.4688947025,4.8914894892779375e-14,73961.4603534575,True,True,2.2937696913466584e-15,True,True,9.024803635006333e-17,True,7.515122399465705e-16,True,True,True,False
04d783147dc5ecdf04ca7090e1d08aca987bf46b0a97310d619a107eb8ffe776,14,design_000014,69,17.25,511,273,402358.6280909314,865987.5557958285,865987.5557958283,1.3443070982694553e-16,65545.37546900836,True,True,1.2151953628697333e-15,True,True,5.812934221399688e-17,True,5.175996007512629e-16,True,True,True,False
04d783147dc5ecdf04ca7090e1d08aca987bf46b0a97310d619a107eb8ffe776,14,design_000014,70,17.5,511,273,414997.37477444566,905476.1642351146,905476.1642351163,1.928521032775188e-15,58397.38002397704,True,True,1.0651892163787372e-15,True,True,4.1950525190397915e-17,True,4.361158157233506e-16,True,True,True,False
04d783147dc5ecdf04ca7090e1d08aca987bf46b0a97310d619a107eb8ffe776,14,design_000014,71,17.75,511,273,424443.9301012928,959271.6267938028,959271.6267938006,2.3058027079406274e-15,52187.80864144515,True,True,4.1711701776474986e-16,True,True,4.312250843908194e-17,True,1.4467695469386312e-16,True,True,True,False
04d783147dc5ecdf04ca7090e1d08aca987bf46b0a97310d619a107eb8ffe776,14,design_000014,72,18.0,511,273,426950.1189464533,1020575.5400564587,1020575.5400564504,8.098849644441921e-15,46865.11853745675,True,True,1.587293791410277e-15,True,True,1.413737194066015e-16,True,5.01557457994131e-16,True,True,True,False
04d783147dc5ecdf04ca7090e1d08aca987bf46b0a97310d619a107eb8ffe776,14,design_000014,73,18.25,511,273,419927.64217630355,1083834.7276178296,1083834.7276178182,1.0526237301986903e-14,42181.69898629243,True,True,5.803524741811351e-16,True,True,4.680793411715817e-17,True,6.332120106863614e-16,True,True,True,False
04d783147dc5ecdf04ca7090e1d08aca987bf46b0a97310d619a107eb8ffe776,14,design_000014,74,18.5,511,273,403984.55883420544,1145573.182117993,1145573.1821179916,1.2194627839841747e-15,38011.78650531665,True,True,1.940386638889808e-15,True,True,1.2104942875488504e-16,True,5.074940155632156e-16,True,True,True,False
04d783147dc5ecdf04ca7090e1d08aca987bf46b0a97310d619a107eb8ffe776,14,design_000014,75,18.75,511,273,381292.0785651232,1202043.3787239876,1202043.3787239832,3.680218457772736e-15,34264.8387976993,True,True,1.02513687926243e-15,True,True,5.2441999949984054e-17,True,3.141001908306578e-16,True,True,True,False
04d783147dc5ecdf04ca7090e1d08aca987bf46b0a97310d619a107eb8ffe776,14,design_000014,76,19.0,511,273,354210.2136402509,1249599.2190165292,1249599.2190165257,2.7948638264648657e-15,30842.2634176929,True,True,1.3905586732454616e-15,True,True,0.0,True,2.672858208276827e-16,True,True,True,False
04d783147dc5ecdf04ca7090e1d08aca987bf46b0a97310d619a107eb8ffe776,14,design_000014,77,19.25,511,273,325540.25817623496,1282906.717786512,1282906.7177865356,1.8330167488415686e-14,27779.085618522717,True,True,2.77836041831949e-15,True,True,1.1809810825609557e-16,True,6.102434913040343e-16,True,True,True,False
04d783147dc5ecdf04ca7090e1d08aca987bf46b0a97310d619a107eb8ffe776,14,design_000014,78,19.5,511,273,297336.9102956886,1301858.0373208672,1301858.0373208567,8.048019572077034e-15,25007.91162433728,True,True,2.60615165085458e-15,True,True,1.2440218394313614e-16,True,3.2807900506106156e-16,True,True,True,False
04d783147dc5ecdf04ca7090e1d08aca987bf46b0a97310d619a107eb8ffe776,14,design_000014,79,19.75,511,273,271971.790877801,1310071.1260377846,1310071.126037781,2.8435786610523852e-15,22507.749848516647,True,True,1.1443613530522678e-15,True,True,1.299383202733963e-16,True,4.81935235675965e-16,True,True,True,False
04d783147dc5ecdf04ca7090e1d08aca987bf46b0a97310d619a107eb8ffe776,14,design_000014,80,20.0,511,273,251876.9992947693,1315021.401007444,1315021.4010074493,4.072256770830048e-15,20260.097398506485,True,True,1.84754696074961e-15,True,True,1.5379223853168646e-16,True,5.45345155628883e-16,True,True,True,False
04d783147dc5ecdf04ca7090e1d08aca987bf46b0a97310d619a107eb8ffe776,14,design_000014,81,20.25,511,273,239369.29429048585,1327370.882323412,1327370.8823234104,1.2278516330901294e-15,18227.887528767256,True,True,2.8637487450362906e-16,True,True,1.3785055889958635e-16,True,5.289221618711422e-16,True,True,True,False
04d783147dc5ecdf04ca7090e1d08aca987bf46b0a97310d619a107eb8ffe776,14,design_000014,82,20.5,511,273,235990.10350680733,1353341.2780150708,1353341.2780150897,1.3935348342898294e-14,16430.173103197812,True,True,9.841185683381976e-16,True,True,1.534360493651207e-16,True,3.8500966550628494e-16,True,True,True,False
04d783147dc5ecdf04ca7090e1d08aca987bf46b0a97310d619a107eb8ffe776,14,design_000014,83,20.75,511,273,242573.56799864824,1399989.91219665,1399989.9121966257,1.7296115299865933e-14,14826.816575116112,True,True,9.672026168068973e-16,True,True,0.0,True,3.3611676758847437e-16,True,True,True,False
04d783147dc5ecdf04ca7090e1d08aca987bf46b0a97310d619a107eb8ffe776,14,design_000014,84,21.0,511,273,258774.5766236972,1468314.2445014052,1468314.244501395,6.9770816152839275e-15,13397.323038146185,True,True,2.2301208299833405e-16,True,True,1.4734075714516177e-16,True,9.565335440473861e-16,True,True,True,False
04d783147dc5ecdf04ca7090e1d08aca987bf46b0a97310d619a107eb8ffe776,14,design_000014,85,21.25,511,273,282921.60415235866,1553352.9934131345,1553352.9934131454,7.044786534763738e-15,12121.84882072186,True,True,1.8681367030227393e-15,True,True,1.4180045196737714e-16,True,9.038314489103291e-16,True,True,True,False
04d783147dc5ecdf04ca7090e1d08aca987bf46b0a97310d619a107eb8ffe776,14,design_000014,86,21.5,511,273,312044.82488747383,1644884.8475125479,1644884.847512561,7.926704452493372e-15,10971.807763836126,True,True,1.3342798452813836e-16,True,True,1.4345936759815928e-16,True,3.8059595413201467e-16,True,True,True,False
04d783147dc5ecdf04ca7090e1d08aca987bf46b0a97310d619a107eb8ffe776,14,design_000014,87,21.75,511,273,341389.1595465196,1726665.8870848354,1726665.8870848224,7.551267527865444e-15,9952.098808330651,True,True,1.3378660160770764e-16,True,True,1.208097623218466e-16,True,4.695565469663371e-16,True,True,True,False
04d783147dc5ecdf04ca7090e1d08aca987bf46b0a97310d619a107eb8ffe776,14,design_000014,88,22.0,511,273,366082.61210692674,1784331.3096696737,1784331.309669684,5.7413935771080195e-15,9037.864592998863,True,True,2.824034887774847e-16,True,True,1.283502568220003e-16,True,4.942436699429568e-16,True,True,True,False
04d783147dc5ecdf04ca7090e1d08aca987bf46b0a97310d619a107eb8ffe776,14,design_000014,89,22.25,511,273,381894.53560112347,1806986.2537834935,1806986.2537835005,3.865507717610435e-15,8216.974638428055,True,True,1.021517964099175e-15,True,True,2.8165583334524437e-17,True,3.7093126503439395e-16,True,True,True,False
04d783147dc5ecdf04ca7090e1d08aca987bf46b0a97310d619a107eb8ffe776,14,design_000014,90,22.5,511,273,386760.9145544288,1791244.4154566515,1791244.4154566692,9.878679182473712e-15,7478.764725035774,True,True,3.2572206289251467e-16,True,True,1.294495561998519e-16,True,6.256823522106893e-16,True,True,True,False
04d783147dc5ecdf04ca7090e1d08aca987bf46b0a97310d619a107eb8ffe776,14,design_000014,91,22.75,511,273,381398.6550500073,1741709.8444218275,1741709.8444218314,2.272548986728441e-15,6807.759377413173,True,True,6.509089267731775e-17,True,True,5.747147641523693e-17,True,4.559655647651518e-16,True,True,True,False
04d783147dc5ecdf04ca7090e1d08aca987bf46b0a97310d619a107eb8ffe776,14,design_000014,92,23.0,511,273,368579.7288195688,1669009.5236412368,1669009.5236412329,2.371538859455067e-15,6207.824293057847,True,True,5.567598247999345e-16,True,True,2.9547484118127276e-17,True,2.5354907451972966e-16,True,True,True,False
04d783147dc5ecdf04ca7090e1d08aca987bf46b0a97310d619a107eb8ffe776,14,design_000014,93,23.250000000000004,511,273,352195.421832533,1585729.4346778118,1585729.434677806,3.67071832309741e-15,5665.320368637701,True,True,1.4386739121494372e-15,True,True,2.5402755940142625e-16,True,6.443043499464718e-16,True,True,True,False
04d783147dc5ecdf04ca7090e1d08aca987bf46b0a97310d619a107eb8ffe776,14,design_000014,94,23.5,511,273,335698.50504313124,1502777.313612493,1502777.3136124983,3.563471949923149e-15,5173.959339350192,True,True,1.4836639628993321e-16,True,True,1.9038538933925996e-16,True,2.382139486380787e-16,True,True,True,False
04d783147dc5ecdf04ca7090e1d08aca987bf46b0a97310d619a107eb8ffe776,14,design_000014,95,23.75,511,273,321321.09312171786,1427062.1315728505,1427062.1315728547,2.936768829504671e-15,4728.364299044002,True,True,6.376557294632953e-16,True,True,1.31640393323422e-16,True,5.337031205044739e-16,True,True,True,False
04d783147dc5ecdf04ca7090e1d08aca987bf46b0a97310d619a107eb8ffe776,14,design_000014,96,24.0,511,273,309806.32428851,1360734.638913672,1360734.6389136738,1.3688526006201895e-15,4320.368782881637,True,True,1.5335512753597251e-15,True,True,1.0225238323734857e-16,True,6.157696756421395e-16,True,True,True,False
04d783147dc5ecdf04ca7090e1d08aca987bf46b0a97310d619a107eb8ffe776,14,design_000014,97,24.25,511,273,301024.01424857345,1303456.5497966239,1303456.5497966213,1.9648810546022235e-15,3952.9410409465645,True,True,1.6715578068049566e-16,True,True,1.4518547532318734e-16,True,3.721967955552759e-16,True,True,True,False
04d783147dc5ecdf04ca7090e1d08aca987bf46b0a97310d619a107eb8ffe776,14,design_000014,98,24.499999999999996,511,273,294144.0484694676,1252373.6945357362,1252373.6945357393,2.416849204599713e-15,3618.586360051888,True,True,7.945491801694371e-17,True,True,5.1354415867812895e-17,True,5.0916698596808665e-16,True,True,True,False
04d783147dc5ecdf04ca7090e1d08aca987bf46b0a97310d619a107eb8ffe776,14,design_000014,99,24.750000000000004,511,273,288324.59076523717,1204818.4478660736,1204818.447866072,1.3527469706857078e-15,3313.900686359272,True,True,5.29088290584847e-16,True,True,1.8320963029761288e-16,True,7.892385353768106e-16,True,True,True,False
04d783147dc5ecdf04ca7090e1d08aca987bf46b0a97310d619a107eb8ffe776,14,design_000014,100,25.0,511,273,282862.2597509549,1159079.9308334172,1159079.930833417,2.008753990645465e-16,3035.9763968002694,True,True,2.546005982476869e-16,True,True,5.442764916745648e-17,True,5.105370674614579e-16,True,True,True,False
04d783147dc5ecdf04ca7090e1d08aca987bf46b0a97310d619a107eb8ffe776,14,design_000014,101,25.25,511,273,277041.6920654995,1114473.1211623377,1114473.1211623366,1.0445772052853071e-15,2780.461891967738,True,True,2.434485948226798e-16,True,True,3.963839504911864e-17,True,2.2454445273789055e-16,True,True,True,False
04d783147dc5ecdf04ca7090e1d08aca987bf46b0a97310d619a107eb8ffe776,14,design_000014,102,25.5,511,273,270563.6827218138,1072687.8122614706,1072687.8122614706,0.0,2549.6511816699967,True,True,5.731631915434554e-16,True,True,5.780788885331767e-17,True,8.138558607148871e-16,True,True,True,False
04d783147dc5ecdf04ca7090e1d08aca987bf46b0a97310d619a107eb8ffe776,14,design_000014,103,25.75,511,273,262720.8007841493,1035025.0151834078,1035025.0151834075,3.37427560066186e-16,2339.9219210981973,True,True,2.1634894273068e-16,True,True,1.705341993894892e-16,True,4.474352605670255e-16,True,True,True,False
04d783147dc5ecdf04ca7090e1d08aca987bf46b0a97310d619a107eb8ffe776,14,design_000014,104,25.999999999999996,511,273,253101.58785593437,1003163.1023896787,1003163.1023896775,1.1604824933215424e-15,2149.8937952394635,True,True,3.6525544949875144e-16,True,True,2.0291173867718492e-16,True,6.038988325802888e-16,True,True,True,False
04d783147dc5ecdf04ca7090e1d08aca987bf46b0a97310d619a107eb8ffe776,14,design_000014,105,26.25,511,273,241875.77223920857,978436.5775553279,978436.5775553278,1.1898095849789695e-16,1978.1032703483465,True,True,6.267073530924956e-16,True,True,1.0560806675624051e-16,True,5.322207900422226e-16,True,True,True,False
04d783147dc5ecdf04ca7090e1d08aca987bf46b0a97310d619a107eb8ffe776,14,design_000014,106,26.5,511,273,229885.82461438145,961300.5883174787,961300.5883174781,6.055094693673876e-16,1821.7723871548988,True,True,2.2286747933681013e-16,True,True,1.5354591702463153e-16,True,2.4655821482572966e-16,True,True,True,False
04d783147dc5ecdf04ca7090e1d08aca987bf46b0a97310d619a107eb8ffe776,14,design_000014,107,26.75,511,273,218917.80180282792,952313.5111899822,952313.5111899832,1.100202700193963e-15,1681.524212220429,True,True,1.1092070870669336e-15,True,True,1.1739990335559463e-16,True,6.924294305588166e-16,True,True,True,False
04d783147dc5ecdf04ca7090e1d08aca987bf46b0a97310d619a107eb8ffe776,14,design_000014,108,27.0,511,273,210047.48153703354,949614.9461937451,949614.9461937464,1.3485134635138875e-15,1554.4050014653883,True,True,6.731858842603266e-16,True,True,1.078624163226617e-16,True,4.046194872227926e-16,True,True,True,False
04d783147dc5ecdf04ca7090e1d08aca987bf46b0a97310d619a107eb8ffe776,14,design_000014,109,27.249999999999996,511,273,203616.6880014949,950355.7183333961,950355.7183333976,1.5924554927750029e-15,1438.843178284914,True,True,5.62928800706223e-16,True,True,1.1363864132223652e-16,True,8.319474522936685e-16,True,True,True,False
04d783147dc5ecdf04ca7090e1d08aca987bf46b0a97310d619a107eb8ffe776,14,design_000014,110,27.500000000000004,511,273,199100.3513255482,951272.689886258,951272.6898862588,8.566494775393795e-16,1333.5231998750112,True,True,4.0037903040733857e-16,True,True,1.340558357288821e-16,True,5.126930961615758e-16,True,True,True,False
04d783147dc5ecdf04ca7090e1d08aca987bf46b0a97310d619a107eb8ffe776,14,design_000014,111,27.75,511,273,195501.4559588047,949765.434507705,949765.4345077034,1.7160179201740211e-15,1236.7364363249324,True,True,4.601490279041611e-16,True,True,1.802295745962787e-16,True,2.5722721410023062e-16,True,True,True,False
04d783147dc5ecdf04ca7090e1d08aca987bf46b0a97310d619a107eb8ffe776,14,design_000014,112,28.0,511,273,192376.13155815372,945572.9337330345,945572.9337330351,6.155808699353196e-16,1149.0702910019395,True,True,9.906183017571189e-16,True,True,1.375303065308806e-16,True,5.518674132615199e-16,True,True,True,False
04d783147dc5ecdf04ca7090e1d08aca987bf46b0a97310d619a107eb8ffe776,14,design_000014,113,28.25,511,273,189325.20460101753,938973.6305013411,938973.6305013415,4.959258409196337e-16,1069.1778609703222,True,True,4.59753981363774e-17,True,True,6.616380791539652e-17,True,2.425057626624325e-16,True,True,True,False
04d783147dc5ecdf04ca7090e1d08aca987bf46b0a97310d619a107eb8ffe776,14,design_000014,114,28.5,511,273,186351.5462405494,930425.8194608842,930425.8194608851,1.0009638115536315e-15,996.5151987824023,True,True,6.908912969505076e-16,True,True,1.7597365870501181e-16,True,5.673979384311655e-16,True,True,True,False
04d783147dc5ecdf04ca7090e1d08aca987bf46b0a97310d619a107eb8ffe776,14,design_000014,115,28.749999999999996,511,273,183502.20950750602,919110.5522320103,919110.5522320109,6.333042393226061e-16,930.5674022928797,True,True,1.4794944651042204e-15,True,True,8.888888524471935e-17,True,4.489616765659281e-16,True,True,True,False
04d783147dc5ecdf04ca7090e1d08aca987bf46b0a97310d619a107eb8ffe776,14,design_000014,116,29.000000000000004,511,273,180643.28412398306,902712.926998439,902712.9269984411,2.3213091673034667e-15,870.4101042479069,True,True,1.5056327196800152e-15,True,True,1.843896836563748e-16,True,2.9217737745522063e-16,True,True,True,False
04d783147dc5ecdf04ca7090e1d08aca987bf46b0a97310d619a107eb8ffe776,14,design_000014,117,29.25,511,273,177793.37287370724,878885.7907491606,878885.7907491588,1.986867742981189e-15,816.315917294236,True,True,4.041984297719532e-17,True,True,1.3334205493421062e-16,True,5.023162193429712e-16,True,True,True,False
04d783147dc5ecdf04ca7090e1d08aca987bf46b0a97310d619a107eb8ffe776,14,design_000014,118,29.5,511,273,174579.59055514968,846285.4358634824,846285.4358634836,1.3756035126393699e-15,767.2784669217417,True,True,6.508993311264795e-16,True,True,4.103144209380851e-17,True,2.7874467689980466e-16,True,True,True,False
04d783147dc5ecdf04ca7090e1d08aca987bf46b0a97310d619a107eb8ffe776,14,design_000014,119,29.75,511,273,170562.23244502017,805877.3743255207,805877.3743255216,1.1556628890281827e-15,722.6945674738795,True,True,1.7566655108641291e-15,True,True,2.2716682824887757e-16,True,2.9945999338417625e-16,True,True,True,False
04d783147dc5ecdf04ca7090e1d08aca987bf46b0a97310d619a107eb8ffe776,14,design_000014,120,30.0,511,273,165210.10197335924,760562.9147722758,760562.9147722753,7.653234174702782e-16,681.9622001509982,True,True,4.566228686697779e-16,True,True,1.1272171189278926e-16,True,2.9527215484353533e-16,True,True,True,False
04d783147dc5ecdf04ca7090e1d08aca987bf46b0a97310d619a107eb8ffe776,14,design_000014,121,30.250000000000004,511,273,158119.13108609672,714261.1822175954,714261.1822175964,1.4668834349774657e-15,644.2639479792665,True,True,7.949813090750935e-16,True,True,1.2365385075689046e-16,True,5.900823025498938e-16,True,True,True,False
04d783147dc5ecdf04ca7090e1d08aca987bf46b0a97310d619a107eb8ffe776,14,design_000014,122,30.5,511,273,149468.10834928605,670560.5917495032,670560.5917495039,1.0416537141546474e-15,609.6048644336071,True,True,1.8277615436438567e-15,True,True,1.4417586540619297e-16,True,6.68659866943565e-16,True,True,True,False
04d783147dc5ecdf04ca7090e1d08aca987bf46b0a97310d619a107eb8ffe776,14,design_000014,123,30.75,511,273,139819.728335193,632363.3386330474,632363.3386330487,2.025051836282018e-15,577.310613198336,True,True,2.764822398719611e-16,True,True,2.4102303556363965e-16,True,3.331742215974848e-16,True,True,True,False
04d783147dc5ecdf04ca7090e1d08aca987bf46b0a97310d619a107eb8ffe776,14,design_000014,124,31.0,511,273,130013.82094385887,601026.5832442284,601026.5832442287,5.810823933870616e-16,547.0675655832302,True,True,1.5416075951100544e-15,True,True,1.2412611702692624e-16,True,3.430132189544607e-16,True,True,True,False
04d783147dc5ecdf04ca7090e1d08aca987bf46b0a97310d619a107eb8ffe776,14,design_000014,125,31.25,511,273,120695.29558224822,575997.5049905778,575997.5049905782,6.063324275797292e-16,518.6534764599271,True,True,8.242871748769621e-17,True,True,1.4736117878370726e-16,True,5.309052956757197e-16,True,True,True,False
04d783147dc5ecdf04ca7090e1d08aca987bf46b0a97310d619a107eb8ffe776,14,design_000014,126,31.499999999999996,511,273,112005.38868751339,554895.9306461511,554895.9306461513,4.195933521854248e-16,491.7603958116264,True,True,4.2567820221371057e-16,True,True,2.8611894803165966e-16,True,4.698280094231396e-16,True,True,True,False
04d783147dc5ecdf04ca7090e1d08aca987bf46b0a97310d619a107eb8ffe776,14,design_000014,127,31.750000000000004,511,273,103676.84679880094,533752.4270403039,533752.4270403034,1.0905366976265218e-15,466.59773139575447,True,True,6.306782592248113e-16,True,True,1.7050720512758777e-16,True,2.4803446852159513e-16,True,True,True,False
04d783147dc5ecdf04ca7090e1d08aca987bf46b0a97310d619a107eb8ffe776,14,design_000014,128,32.0,511,273,95195.2908238191,508991.24639190576,508991.246391906,4.574354574942885e-16,442.90549483698715,True,True,1.5798342216843937e-15,True,True,1.5700839619331391e-16,True,5.028906075240344e-16,True,True,True,False
04d783147dc5ecdf04ca7090e1d08aca987bf46b0a97310d619a107eb8ffe776,14,design_000014,129,32.25,511,273,86228.76787917421,478495.6421782666,478495.6421782659,1.4597665462152344e-15,420.5827882282555,True,True,2.0179568682280972e-15,True,True,1.905261958898742e-16,True,4.336168078343137e-16,True,True,True,False
04d783147dc5ecdf04ca7090e1d08aca987bf46b0a97310d619a107eb8ffe776,14,design_000014,130,32.5,511,273,76824.1707542203,442613.46344220074,442613.46344220126,1.1835811413125172e-15,399.51681967503856,True,True,3.177161910405506e-16,True,True,7.251797654909903e-17,True,3.677185559012289e-16,True,True,True,False
04d783147dc5ecdf04ca7090e1d08aca987bf46b0a97310d619a107eb8ffe776,14,design_000014,131,32.75,511,273,67440.66437439415,404230.68284345255,404230.68284345226,7.199807360492924e-16,379.4944108970639,True,True,3.1403294221218485e-15,True,True,2.1519280854473611e-16,True,7.168382154474504e-16,True,True,True,False
04d783147dc5ecdf04ca7090e1d08aca987bf46b0a97310d619a107eb8ffe776,14,design_000014,132,33.0,511,273,58903.88982119378,367542.1679945936,367542.1679945936,0.0,360.6103898685405,True,True,2.628416033462034e-15,True,True,2.193373089275066e-17,True,7.663692365381569e-16,True,True,True,False
04d783147dc5ecdf04ca7090e1d08aca987bf46b0a97310d619a107eb8ffe776,14,design_000014,133,33.25,511,273,52117.72789840692,337249.4420519546,337249.4420519541,1.553357494185276e-15,342.68846906072025,True,True,8.868432969295822e-16,True,True,2.179992360878868e-16,True,3.3449482694245447e-16,True,True,True,False
04d783147dc5ecdf04ca7090e1d08aca987bf46b0a97310d619a107eb8ffe776,14,design_000014,134,33.5,511,273,47721.90845508047,316559.44947066985,316559.4494706697,5.516277685989011e-16,325.68958520713744,True,True,9.796416117677217e-16,True,True,2.31416880628381e-16,True,3.4506039778304266e-16,True,True,True,False
04d783147dc5ecdf04ca7090e1d08aca987bf46b0a97310d619a107eb8ffe776,14,design_000014,135,33.75,511,273,45712.26356455323,306215.0169232524,306215.01692325255,5.702626360227409e-16,309.6013862231861,True,True,5.738804091939217e-16,True,True,1.3216119520355956e-16,True,5.792028547633435e-16,True,True,True,False
04d783147dc5ecdf04ca7090e1d08aca987bf46b0a97310d619a107eb8ffe776,14,design_000014,136,34.0,511,273,45396.69334176588,304760.56584384746,304760.56584384746,0.0,294.3627452469033,True,True,7.63637201409551e-17,True,True,7.083020804050831e-18,True,4.351544189508793e-16,True,True,True,False
04d783147dc5ecdf04ca7090e1d08aca987bf46b0a97310d619a107eb8ffe776,14,design_000014,137,34.25,511,273,45892.22853239725,309949.2893436646,309949.28934366436,7.511894740810727e-16,280.08395113677324,True,True,7.642544299831181e-16,True,True,1.1689828519693158e-16,True,5.726031370904321e-16,True,True,True,False
04d783147dc5ecdf04ca7090e1d08aca987bf46b0a97310d619a107eb8ffe776,14,design_000014,138,34.5,511,273,46696.250448180734,320899.0322881953,320899.03228819545,5.441679941981735e-16,266.67553836683345,True,True,1.5270167186562438e-16,True,True,1.2792945436962112e-16,True,1.0583056155190382e-15,True,True,True,False
04d783147dc5ecdf04ca7090e1d08aca987bf46b0a97310d619a107eb8ffe776,14,design_000014,139,34.75,511,273,48063.67417696783,338805.80548060103,338805.80548060086,5.15407292070149e-16,254.092573525632,True,True,2.3559193645576904e-16,True,True,2.347235254701293e-16,True,4.677938487874291e-16,True,True,True,False
04d783147dc5ecdf04ca7090e1d08aca987bf46b0a97310d619a107eb8ffe776,14,design_000014,140,35.0,511,273,50796.36799304831,366217.0809771901,366217.0809771906,1.2715444240481576e-15,242.27754510789083,True,True,2.5270915904445276e-16,True,True,1.4710242105840172e-17,True,9.551198574277e-16,True,True,True,False
04d783147dc5ecdf04ca7090e1d08aca987bf46b0a97310d619a107eb8ffe776,14,design_000014,141,35.25,511,273,55687.575777962644,405040.1206197363,405040.1206197366,7.185419165934237e-16,231.13162492851674,True,True,3.0778299803290453e-16,True,True,8.792264337018095e-17,True,2.947135348307857e-16,True,True,True,False
04d783147dc5ecdf04ca7090e1d08aca987bf46b0a97310d619a107eb8ffe776,14,design_000014,142,35.5,511,273,62994.614742650425,453712.1161819581,453712.11618195823,2.5658411506966945e-16,220.6604824157268,True,True,1.6058747170690204e-15,True,True,1.916897338345014e-16,True,3.3051746142685434e-16,True,True,True,False
04d783147dc5ecdf04ca7090e1d08aca987bf46b0a97310d619a107eb8ffe776,14,design_000014,143,35.75,511,273,71918.86394978642,505495.17818418215,505495.17818418227,2.302995693156102e-16,210.75935702694244,True,True,1.1011628209999542e-15,True,True,1.6483720971217711e-16,True,5.736828929284476e-16,True,True,True,False
04d783147dc5ecdf04ca7090e1d08aca987bf46b0a97310d619a107eb8ffe776,14,design_000014,144,36.0,511,273,80635.36436856842,548335.4880548005,548335.4880548001,8.492269740914546e-16,201.36145181868758,True,True,2.8357711600663344e-16,True,True,2.638856306760235e-16,True,4.726612801673996e-16,True,True,True,False
04d783147dc5ecdf04ca7090e1d08aca987bf46b0a97310d619a107eb8ffe776,14,design_000014,145,36.25,511,273,86918.92579637044,568789.1563167338,568789.1563167335,6.140165676546841e-16,192.40466340102674,True,True,8.032629366548378e-17,True,True,1.1424075532917412e-16,True,1.3139790210846485e-15,True,True,True,False
04d783147dc5ecdf04ca7090e1d08aca987bf46b0a97310d619a107eb8ffe776,14,design_000014,146,36.5,511,273,89364.99314872098,559079.989717184,559079.9897171844,8.329063745302316e-16,183.81750077153694,True,True,2.933834636906606e-16,True,True,1.722808140692288e-16,True,4.3313780397875356e-16,True,True,True,False
04d783147dc5ecdf04ca7090e1d08aca987bf46b0a97310d619a107eb8ffe776,14,design_000014,147,36.75,511,273,88560.51014219363,522357.75214642816,522357.7521464281,1.11432558767024e-16,175.60930274806577,True,True,6.127534873350616e-17,True,True,9.604090727337838e-17,True,3.0322944437011187e-16,True,True,True,False
04d783147dc5ecdf04ca7090e1d08aca987bf46b0a97310d619a107eb8ffe776,14,design_000014,148,37.0,511,273,86974.33285827898,472930.66007560876,472930.6600756086,3.692359102124712e-16,167.7442704892968,True,True,5.140727870425916e-16,True,True,1.4342277872269335e-16,True,4.808808463926463e-16,True,True,True,False
04d783147dc5ecdf04ca7090e1d08aca987bf46b0a97310d619a107eb8ffe776,14,design_000014,149,37.25,511,273,87562.64382557005,428596.39279083954,428596.3927908395,1.3580996455533278e-16,160.225303415717,True,True,8.047809098517866e-16,True,True,0.0,True,2.657094358097296e-16,True,True,True,False
04d783147dc5ecdf04ca7090e1d08aca987bf46b0a97310d619a107eb8ffe776,14,design_000014,150,37.5,511,273,91829.14539654831,401904.11414072284,401904.11414072226,1.4482972148199149e-15,153.06421337652355,True,True,1.9725348807153955e-15,True,True,1.1021948806108921e-16,True,5.267180473254417e-16,True,True,True,False
04d783147dc5ecdf04ca7090e1d08aca987bf46b0a97310d619a107eb8ffe776,14,design_000014,151,37.75,511,273,98875.05332729159,395686.7490122113,395686.7490122111,4.4131622596998616e-16,146.2611598492246,True,True,5.29851296727903e-16,True,True,1.4662459195446991e-16,True,2.130240571874843e-16,True,True,True,False
04d783147dc5ecdf04ca7090e1d08aca987bf46b0a97310d619a107eb8ffe776,14,design_000014,152,38.0,511,273,105909.44489730903,403105.94655932963,403105.9465593298,4.3319376514010545e-16,139.84564950503713,True,True,8.858625721507312e-16,True,True,1.5924578709369285e-16,True,4.481579520226914e-16,True,True,True,False
04d783147dc5ecdf04ca7090e1d08aca987bf46b0a97310d619a107eb8ffe776,14,design_000014,153,38.25,511,273,109506.59605942332,411854.65376554744,411854.6537655476,4.2399176783324176e-16,133.79868251619405,True,True,1.2133892491584039e-15,True,True,1.1567301508953807e-16,True,6.297996132129047e-16,True,True,True,False
04d783147dc5ecdf04ca7090e1d08aca987bf46b0a97310d619a107eb8ffe776,14,design_000014,154,38.5,511,273,106809.35543206293,407464.86442938907,407464.86442938924,4.2855960840928686e-16,128.10158990613277,True,True,1.371049815714867e-15,True,True,1.0351016362644789e-16,True,2.282786991906309e-16,True,True,True,False
04d783147dc5ecdf04ca7090e1d08aca987bf46b0a97310d619a107eb8ffe776,14,design_000014,155,38.75,511,273,96458.71716601445,378402.09646436677,378402.09646436636,1.076774230907679e-15,122.72478635365904,True,True,1.2305475119782832e-15,True,True,1.5751999051426268e-16,True,3.762506712228174e-16,True,True,True,False
04d783147dc5ecdf04ca7090e1d08aca987bf46b0a97310d619a107eb8ffe776,14,design_000014,156,39.0,511,273,79242.62640911415,321699.17255613074,321699.17255613086,3.618763483347859e-16,117.6254703165603,True,True,1.983855857738224e-16,True,True,1.611176454794869e-16,True,3.6911871838903407e-16,True,True,True,False
04d783147dc5ecdf04ca7090e1d08aca987bf46b0a97310d619a107eb8ffe776,14,design_000014,157,39.25,511,273,58121.02217014905,245191.2255090843,245191.2255090845,8.308894935948175e-16,112.7818356868799,True,True,1.4878801033537242e-15,True,True,1.097271826846659e-17,True,4.798065404984579e-16,True,True,True,False
04d783147dc5ecdf04ca7090e1d08aca987bf46b0a97310d619a107eb8ffe776,14,design_000014,158,39.5,511,273,37346.63320841483,165641.90243811352,165641.90243811332,1.2299231667738876e-15,108.15907263866305,True,True,5.169354888204661e-16,True,True,1.173983345290775e-16,True,2.2755157375033323e-16,True,True,True,False
04d783147dc5ecdf04ca7090e1d08aca987bf46b0a97310d619a107eb8ffe776,14,design_000014,159,39.75,511,273,20878.406959932763,100212.0807752192,100212.08077521913,7.260559363599853e-16,103.74365899890235,True,True,1.0455695159398809e-15,True,True,1.646245795249836e-17,True,3.4932112430652305e-16,True,True,True,False
04d783147dc5ecdf04ca7090e1d08aca987bf46b0a97310d619a107eb8ffe776,14,design_000014,160,40.0,511,273,10999.023344911075,58799.531498609205,58799.53149860918,3.712252850699427e-16,99.53719831092987,True,True,6.875707965705253e-16,True,True,8.622009991501263e-17,True,3.9695251195135243e-16,True,True,True,False
04d783147dc5ecdf04ca7090e1d08aca987bf46b0a97310d619a107eb8ffe776,14,design_000014,161,40.25,511,273,7915.545958759558,41427.559973495234,41427.55997349522,3.5126170205720444e-16,95.54786780829626,True,True,2.465154412377936e-16,True,True,5.4075741947659955e-17,True,8.164322042859432e-16,True,True,True,False
04d783147dc5ecdf04ca7090e1d08aca987bf46b0a97310d619a107eb8ffe776,14,design_000014,162,40.5,511,273,10397.067889657135,41720.341260098685,41720.34126009872,8.71991622602347e-16,91.79831155477406,True,True,5.153932757049565e-16,True,True,2.2991495230179625e-16,True,6.417356465810585e-16,True,True,True,False
04d783147dc5ecdf04ca7090e1d08aca987bf46b0a97310d619a107eb8ffe776,14,design_000014,163,40.75,511,273,16763.64265645509,53163.95453888234,53163.95453888232,4.1057654630612744e-16,88.29365849232694,True,True,2.342747139292189e-17,True,True,2.4289498225836423e-17,True,9.64609398185791e-16,True,True,True,False
04d783147dc5ecdf04ca7090e1d08aca987bf46b0a97310d619a107eb8ffe776,14,design_000014,164,41.0,511,273,25539.586224671642,73147.05403805786,73147.05403805792,7.957622036723769e-16,85.03497636439737,True,True,5.645443168835596e-16,True,True,1.548151441608572e-16,True,2.73295528905609e-16,True,True,True,False
04d783147dc5ecdf04ca7090e1d08aca987bf46b0a97310d619a107eb8ffe776,14,design_000014,165,41.25,511,273,35578.02448962285,102995.54830385443,102995.54830385435,8.477210210349803e-16,82.01583173171905,True,True,3.906391643340531e-18,True,True,1.321982953600398e-16,True,4.843391172905046e-16,True,True,True,False
04d783147dc5ecdf04ca7090e1d08aca987bf46b0a97310d619a107eb8ffe776,14,design_000014,166,41.5,511,273,45908.970897844076,144855.36406922116,144855.36406922105,8.036659365358684e-16,79.22113368326916,True,True,4.641221692733441e-16,True,True,1.5149310080846943e-16,True,3.215151417178107e-16,True,True,True,False
04d783147dc5ecdf04ca7090e1d08aca987bf46b0a97310d619a107eb8ffe776,14,design_000014,167,41.75,511,273,55610.82573602977,197850.29576105447,197850.29576105435,5.884010502947674e-16,76.6370867658039,True,True,2.1587579055615733e-16,True,True,2.0244293833837712e-16,True,1.2426885912427227e-16,True,True,True,False
04d783147dc5ecdf04ca7090e1d08aca987bf46b0a97310d619a107eb8ffe776,14,design_000014,168,42.0,511,273,63816.119144880584,256246.87093303108,256246.87093303096,4.543092425013822e-16,74.23436859107578,True,True,3.7603531489821485e-16,True,True,7.463224792233145e-17,True,6.493246555956544e-16,True,True,True,False
04d783147dc5ecdf04ca7090e1d08aca987bf46b0a97310d619a107eb8ffe776,14,design_000014,169,42.25,511,273,69854.57629189876,310404.8695928089,310404.86959280894,1.875217389141626e-16,71.97974860437407,True,True,2.476593363883799e-16,True,True,2.42115353564504e-17,True,3.40089606556436e-16,True,True,True,False
04d783147dc5ecdf04ca7090e1d08aca987bf46b0a97310d619a107eb8ffe776,14,design_000014,170,42.5,511,273,73388.2980113375,350229.2034439355,350229.20344393566,4.985962935793722e-16,69.83760781027189,True,True,9.401723240309244e-16,True,True,1.752874614765987e-16,True,1.6427080425636248e-16,True,True,True,False
04d783147dc5ecdf04ca7090e1d08aca987bf46b0a97310d619a107eb8ffe776,14,design_000014,171,42.75,511,273,74397.52169631657,369124.943423707,369124.943423707,0.0,67.77407603462134,True,True,6.341978767730072e-16,True,True,1.35752418346908e-16,True,3.8160414982337707e-16,True,True,True,False
04d783147dc5ecdf04ca7090e1d08aca987bf46b0a97310d619a107eb8ffe776,14,design_000014,172,43.0,511,273,73017.45623925039,365962.5804156985,365962.5804156987,4.771607592832226e-16,65.76939543440368,True,True,1.1174129268737448e-15,True,True,1.3131173882941548e-16,True,5.285994045722092e-16,True,True,True,False
04d783147dc5ecdf04ca7090e1d08aca987bf46b0a97310d619a107eb8ffe776,14,design_000014,173,43.25,511,273,69426.04956008782,345639.19650886295,345639.1965088631,5.052175346551715e-16,63.81008357477861,True,True,6.615511381099649e-16,True,True,1.0877723354025486e-16,True,3.2700097188126707e-16,True,True,True,False
04d783147dc5ecdf04ca7090e1d08aca987bf46b0a97310d619a107eb8ffe776,14,design_000014,174,43.5,511,273,63990.26652000491,316953.31797475053,316953.31797475094,1.2855319799073071e-15,61.89634690713722,True,True,3.2755746979878397e-16,True,True,1.451174947233121e-16,True,2.857652941627817e-16,True,True,True,False
04d783147dc5ecdf04ca7090e1d08aca987bf46b0a97310d619a107eb8ffe776,14,design_000014,175,43.75,511,273,57531.03674707871,289877.9790409048,289877.9790409045,1.0040028067336171e-15,60.03746324147412,True,True,5.955882474070867e-16,True,True,1.219837150080157e-16,True,5.249263771410908e-16,True,True,True,False
04d783147dc5ecdf04ca7090e1d08aca987bf46b0a97310d619a107eb8ffe776,14,design_000014,176,44.0,511,273,51314.590414901264,272755.77653783746,272755.7765378377,8.536231445187028e-16,58.24551058362288,True,True,3.298766326086651e-16,True,True,1.305454822169888e-16,True,6.59806244073344e-16,True,True,True,False
04d783147dc5ecdf04ca7090e1d08aca987bf46b0a97310d619a107eb8ffe776,14,design_000014,177,44.25,511,273,46597.27361367394,269772.70672132145,269772.7067213214,2.1576556657970832e-16,56.535243760503285,True,True,1.424748454915169e-16,True,True,1.3941135253351104e-16,True,4.521090362434234e-16,True,True,True,False
04d783147dc5ecdf04ca7090e1d08aca987bf46b0a97310d619a107eb8ffe776,14,design_000014,178,44.5,511,273,44067.18990333198,280986.9606415471,280986.96064154716,2.071543134263887e-16,54.91237041984823,True,True,1.2635023971438793e-15,True,True,2.705216054140892e-16,True,5.070475101986165e-16,True,True,True,False
04d783147dc5ecdf04ca7090e1d08aca987bf46b0a97310d619a107eb8ffe776,14,design_000014,179,44.75,511,273,43658.425069762394,302973.8023996361,302973.8023996363,7.68484409575305e-16,53.37786180168118,True,True,5.9905966111905745e-16,True,True,1.5083639210860477e-16,True,5.566140492278563e-16,True,True,True,False
04d783147dc5ecdf04ca7090e1d08aca987bf46b0a97310d619a107eb8ffe776,14,design_000014,180,45.0,511,273,44797.11544612853,330911.04597620876,330911.0459762089,3.5180246547377144e-16,51.92778078903622,True,True,6.789083359462713e-16,True,True,2.450423423578195e-16,True,2.6528857763412605e-16,True,True,True,False
