objective,model_seed,strength,normalized_strength,tangent_local_mmd,tangent_rollout_mmd,mfsi_rollout_mmd,velocity_gap,angular_error,min_ess,mean_ess,mean_projection_distortion,mean_lambda_norm,max_moment_error
cv,20260810,0.5154755992617881,0.998800323169957,0.08491763372018062,0.08558063825335514,0.08421058255691904,0.25112019557908366,0.05157931762070811,0.271041145513219,0.6320209080671568,0.25650558418505837,0.5997148085126913,0.0015340202402031326
cv,20260811,0.5153136985567979,0.9983689717657167,0.08460432948637761,0.08521540516980172,0.08526427674860856,0.31150249755288184,0.05239352043023019,0.271663108824317,0.6319027778222442,0.2563509773097211,0.5996457865963243,0.0015099812144076098
cv,20260812,0.5159329772152701,0.9997281697881274,0.08441553094371995,0.08355038791357437,0.08312500687784016,0.30059285099153654,0.0846235279735015,0.27196479156513215,0.6325376451697282,0.25723487881499596,0.600978216047452,0.00162270952379166
cv,20260813,0.5099354072691102,0.9879521273672666,0.0840952972568402,0.08705974245442462,0.08313178221253939,0.6366267739703595,0.0843214623368657,0.27152300084399983,0.6323782783414852,0.25283057480964144,0.5920791149691617,0.0014408120229556724
cv,20260814,0.5129220169823612,0.9938424840303977,0.08456855342034962,0.08677127099446177,0.08239321641094709,0.2584295962306816,0.05456258303819589,0.27205165616038396,0.6327902995110278,0.255184984488576,0.5976449813118514,0.0018805319693409074
cv,20260815,0.5149524542673898,0.9979366732563569,0.08445171575286485,0.0865673268778677,0.08628720842398521,0.5386838324655082,0.0783772250002194,0.27166111236649326,0.6324461362649745,0.25637622582071096,0.5993966048416259,0.0018464424137787604
cv,20260816,0.4903173150239638,0.9502522121757936,0.08101170522853077,0.09916728432402473,0.09999048801145202,0.29883150557358973,0.11464060556058595,0.2826588870403224,0.6401959701275328,0.2438903171372723,0.5829992737068876,0.002188708694613819
cv,20260817,0.5158798410621286,0.9996534131307323,0.08500589680827436,0.08520459253196176,0.08147158961630531,0.42324535582586015,0.05868248126294888,0.271611001544083,0.6323881833722333,0.2570681265175307,0.6003033894068621,0.0013816991748714564
cv,20260818,0.515688992415057,0.9992371567739647,0.08434182032656745,0.08393762636332104,0.0870358891501653,0.8950848195689705,0.08858650170356899,0.27186401628649326,0.6325593612364577,0.2571453810372759,0.6009061152362698,0.0013361698545594296
cv,20260819,0.5158577753791975,0.9996218294002718,0.08419613938323509,0.08437960916510372,0.08101454093332627,0.6351413038237637,0.06933001277669469,0.272049507529181,0.6322969839216609,0.2568787038188664,0.5999221997165838,0.0021717167264997234
fiber,20260810,0.02956261209289763,0.05598016452226229,0.05437808492585379,0.07028375802173846,0.06410876214897847,0.15879893417356788,0.03665457798147617,0.8926041237358271,0.9594040165403322,0.020126110685926724,0.2189197872581961,0.0014713930448958595
fiber,20260811,0.028623535501183423,0.055454101331214714,0.0546014968614412,0.06831024585596118,0.057311192683923505,0.07504928821697239,0.038625349430046904,0.890435609126557,0.9572371593558234,0.021808536053213097,0.23756069690653506,0.0012710744048918467
fiber,20260812,0.03878679889421315,0.07586736799231233,0.05564813257141872,0.06937212728119982,0.06874918690255188,0.18244370776290414,0.055537735342116104,0.8560734102577415,0.9423204478662358,0.027041819307525396,0.24730696197586619,0.001513557574591279
fiber,20260813,0.04860015617146203,0.09459920635956111,0.05558343879869657,0.0875914652150627,0.08770347878787346,0.23104774503303158,0.03670274102618187,0.8362535720526564,0.9341525761178204,0.034322221833764016,0.28682081335667886,0.0016416051191646883
fiber,20260814,0.005728940156184112,0.01113236620863078,0.05450187751107707,0.06008758758434005,0.05692001335111929,0.015640521654213403,0.0373081159171309,0.9789845313978525,0.991157895069723,0.004514815075823926,0.1138049358536958,0.001401472035450993
fiber,20260815,0.0261978229224147,0.05200318317090684,0.055752041409084595,0.07164354044216793,0.06452253000024179,0.13163712082588214,0.042535501887357094,0.9057908400044568,0.9615838768180323,0.018592633437151205,0.21130203732381236,0.0017065946935124442
fiber,20260816,0.027629284559119116,0.054470900934445045,0.05466789125862019,0.07626933008311929,0.058453475593306284,0.08603314635810003,0.051634735514298515,0.899692023331091,0.9596423093086542,0.01937873578894627,0.2101256695548479,0.0019390552333240565
fiber,20260817,0.18430512339539235,0.3592221666851284,0.06609137488654847,0.08675676255012629,0.08686829149866714,0.39302467626239707,0.0919396723846643,0.49049781769942796,0.7753900975040391,0.11461356898292818,0.44272096893620966,0.0016752692736628453
fiber,20260818,0.018402981780673282,0.03555420559791371,0.0560387458736155,0.06642423408279322,0.05817672323219737,0.11137926702349601,0.03566617884661026,0.932607293159484,0.9739115002503423,0.013344648287603228,0.1845534211083044,0.0012585745274342848
fiber,20260819,0.35178997175498294,0.6837750162476393,0.075672229581359,0.0916259890914737,0.07628222027186136,0.3356006359651622,0.09548504564911876,0.32821838805217723,0.6773701660723714,0.1834465368935651,0.5011616546055754,0.0020585624691587773
fiber_high,20260810,0.4472732723316709,0.8660733082684884,0.07803967261205355,0.09762559929467775,0.09897296697128602,0.5153386692993607,0.0603225861453914,0.299709749573344,0.6535519544230513,0.22128996962175557,0.5496960797015714,0.0013167458237730565
fiber_high,20260811,0.4267187881005052,0.8265737316254702,0.08064795582003054,0.09716630738188327,0.07794583539139979,0.533477377551299,0.06577592522025673,0.30060438551500024,0.6547315171807739,0.21268304170974303,0.5373757942063466,0.0013328726630502824
fiber_high,20260812,0.4301005342314421,0.8332896273599391,0.07918966189599852,0.1253585918047983,0.12861988780247835,0.5413384313559946,0.062159879611265415,0.3144742435684987,0.66382764995306,0.21187049682171155,0.5383413243284869,0.0015642993139982964
fiber_high,20260813,0.4264045478088604,0.8249578224660521,0.08010708197721698,0.09681378344185917,0.08174199210386454,0.7947387378257804,0.09483815716726568,0.3019409418833082,0.6568210544086375,0.21254349496205366,0.5374697265976944,0.0015062934507428989
fiber_high,20260814,0.430941693421765,0.8350561921987524,0.07805258200524205,0.12173142163260497,0.10546796661333493,2.1294570500409904,0.12751649448977703,0.3178575484831528,0.6656060086949782,0.21009798883799963,0.5344175596179648,0.0008637512123615745
fiber_high,20260815,0.43072869822037063,0.8349486898314084,0.07537517960095802,0.11594745576317873,0.11605413406509302,0.5297974068445697,0.0651111197625047,0.3156168362593935,0.6625031089193036,0.2126077193761446,0.541330753877538,0.001969325859771397
fiber_high,20260816,0.44719424212785874,0.8680031142953203,0.07919050914578377,0.10132068229860666,0.09808174489833403,0.3438870625564462,0.1512110175339419,0.28588746573420976,0.6472255796195039,0.2224129687323896,0.548277486838406,0.0018689691044434045
fiber_high,20260817,0.4260322015896705,0.8274582157494403,0.07823256217968315,0.09504882325915576,0.08003185175104167,0.671588290148786,0.0543977613197266,0.2876741637566098,0.6497321990621643,0.21480523417247777,0.5392766777659973,0.0017297942775869977
fiber_high,20260818,0.42814939210383807,0.8299347649321739,0.08118678894154795,0.10976471256186701,0.08730123671105926,1.0175636107685442,0.06971449192179573,0.30447913212372585,0.6581104507834514,0.20992551707485047,0.5296352400454511,0.0018396962983247115
fiber_high,20260819,0.42732700520437683,0.829719693008878,0.08018063600375461,0.09373412297984013,0.07977836543775967,0.3221345406572114,0.08556980187348766,0.28686253881566337,0.6490206832886415,0.2156216511406225,0.5391085034852287,0.0020201485263332594
fiber_low,20260810,0.07336298754500503,0.14007327067602,0.05694220432591539,0.08142263011161334,0.06939817526377448,0.26824443708678936,0.03732585903137244,0.7545404125547976,0.9018045323101205,0.04766679237887785,0.31488666625968975,0.0012784839733525624
fiber_low,20260811,0.07246301738682752,0.1401632369011076,0.057089609590931636,0.08416689408256987,0.05965105270937234,0.14408168924913634,0.03856050356053695,0.7559908789599111,0.9015601720642726,0.05068255399554498,0.3365038836204877,0.0010530883026482608
fiber_low,20260812,0.0729135311173981,0.14142378887185098,0.057310077961493865,0.09790711756392143,0.10011954988119225,0.3251358776067227,0.03874713417723008,0.7796056465557545,0.910688875841432,0.04188274921064341,0.27101968103550295,0.00148575904683412
fiber_low,20260813,0.07370897415114143,0.14282202613937064,0.056429605724895006,0.10489140914286965,0.10548334702480382,0.32957763659241346,0.03727400739277687,0.7821962941649927,0.9112741576780156,0.04860145901442684,0.3305698818301267,0.0017173303542893565
fiber_low,20260814,0.0733056823325141,0.14086640983412219,0.058405239371983796,0.0835106417074484,0.0637345938017648,0.20448811251354448,0.047272429304125965,0.7574096556236452,0.9004130237164091,0.049527628480465026,0.3243865820279844,0.0013567855431586185
fiber_low,20260815,0.07566766190866904,0.1482423123848638,0.057863556054911,0.10254088651483587,0.07981254536665341,0.4108184089098469,0.049729311560783036,0.765382020878056,0.9038449921003678,0.04511470912213485,0.28745849735329004,0.0017398322414528128
fiber_low,20260816,0.07271424936599213,0.1421808562357227,0.05638617929783811,0.10703113659046941,0.06408551949005585,0.25413254590920087,0.08316357375486509,0.7812754096767167,0.9095484489609367,0.043443623979709654,0.2788912608289783,0.002102894636728363
fiber_low,20260818,0.07571568124841319,0.14685804357191,0.059323569015972355,0.09350802436429122,0.06373349219572437,0.19334920719999263,0.039896322333472914,0.7606366336593522,0.9017577926556954,0.04864799270287034,0.3139357260359894,0.0012372414619876747
fiber_medium,20260810,0.24963707217918665,0.48073848366283134,0.0667957897748406,0.10141491893801968,0.07854274007262825,0.7302533389934582,0.0510370472005144,0.4462433844877302,0.7479943570208925,0.133781452179044,0.4483206230574675,0.000788261819271437
fiber_medium,20260811,0.25050142719887714,0.4845760060388889,0.06758685049814991,0.10476323022015152,0.06962901537081204,0.28777549970411626,0.04481060353859632,0.4465088113939374,0.7467173303550837,0.13897879527158824,0.4649443711064153,0.0010188763027874307
fiber_medium,20260812,0.2498302501186414,0.4842038401805383,0.0670662150694817,0.1391349079452088,0.14230786864596565,0.5097459663245855,0.04234820876020132,0.4804637993483835,0.763773339240175,0.12429117691448743,0.41506685736190096,0.001581791406299421
fiber_medium,20260813,0.2534970336548227,0.49231794648459026,0.0648056426695561,0.14151897942041464,0.14159363795422966,0.4593724878818125,0.04483521295116091,0.47057993131776704,0.7588722107081742,0.1323942751087447,0.44584089758110157,0.0017518586289809006
fiber_medium,20260814,0.2616570862470221,0.5063999638420074,0.06843855703477601,0.10821390150238808,0.07185546490996411,0.551989307437616,0.05378484770761569,0.43039307588783915,0.7370397620616769,0.14013540914920078,0.4596601639974013,0.0011470367430046907
fiber_medium,20260815,0.25210638665174334,0.4887243075852471,0.0656244230260924,0.12783119380590927,0.12728311184282515,0.48728689140360804,0.04881176612979422,0.4697944577674805,0.7577936991775693,0.13836770654268654,0.47292083248203065,0.0016765547719307331
fiber_medium,20260816,0.2519281289730668,0.4901735803374872,0.06467959250620985,0.1423974619737602,0.07434932098299803,0.4902872964852351,0.08392284939995644,0.4594285595485477,0.7526060720423923,0.12712538356428144,0.4148992466731148,0.0022267925610925015
fiber_medium,20260817,0.2521178169944271,0.4902852664179978,0.07004997356019313,0.08923575132810643,0.0824537410493252,0.32670824194315184,0.06871292199347205,0.405532152024623,0.727475016398658,0.14376865006715786,0.46562066514584916,0.0018415918655500304
fiber_medium,20260818,0.25202264673732244,0.489005885702056,0.06839825094801963,0.12279966433217386,0.07738618367801274,0.7118365689117627,0.06019616389535641,0.45620498995649034,0.7509209224884819,0.1278206001394471,0.4189373782264184,0.0013676824602093123
fiber_medium,20260819,0.26267698945605755,0.5106199546041197,0.06967970711342326,0.09035294148945738,0.07038773309197459,0.590913988446444,0.06840823611109628,0.4030181741401398,0.7240632296747559,0.14675320277116558,0.4659920126374887,0.0021306416423042484
full_phi5,20260810,0.5160304672922152,0.9999999999999634,0.08347301377118028,0.08407559914640876,0.08260791757775637,0.22664182642166883,0.05053561502645461,0.2726607298584038,0.6325796086393615,0.2579161904346384,0.6071582126240004,0.0014382802904266254
full_phi5,20260811,0.5160304672922152,0.9999999999999634,0.08347301377118035,0.08407559914640865,0.08394679308968088,0.2655379028606728,0.05915225759784702,0.2726607298584038,0.6325796086393615,0.2579161904346384,0.6071582126240004,0.0014384257083713812
full_phi5,20260812,0.5160304672922152,0.9999999999999634,0.08347301377118035,0.08407559914640865,0.08253035057178018,0.34976587846005003,0.08984652737476222,0.2726607298584038,0.6325796086393615,0.2579161904346384,0.6071582126240004,0.001438636919574631
full_phi5,20260813,0.5160304672922152,0.9999999999999634,0.08347301377118035,0.08407559914640865,0.08406893312724018,0.5388274757660791,0.07849795932109208,0.2726607298584038,0.6325796086393615,0.2579161904346384,0.6071582126240004,0.0014380355660266243
full_phi5,20260814,0.5160304672922152,0.9999999999999634,0.08347301377118035,0.08407559914640865,0.08119526706153726,0.19417949802951295,0.05352941045118581,0.2726607298584038,0.6325796086393615,0.2579161904346384,0.6071582126240004,0.0014381049565281069
full_phi5,20260815,0.5160304672922152,0.9999999999999634,0.08347301377118035,0.08407559914640865,0.08406946399627574,0.5423852209405958,0.07852068589642472,0.2726607298584038,0.6325796086393615,0.2579161904346384,0.6071582126240004,0.0014380355660266243
full_phi5,20260816,0.5160304672922152,0.9999999999999634,0.08347301377118035,0.08407559914640865,0.08904405373134672,0.37553238100898934,0.11347495823549383,0.2726607298584038,0.6325796086393615,0.2579161904346384,0.6071582126240004,0.0014380355660266243
full_phi5,20260817,0.5160304672922152,0.9999999999999634,0.08347301377118035,0.08407559914640865,0.08242429653134195,0.6059060710234039,0.08181437278046662,0.2726607298584038,0.6325796086393615,0.2579161904346384,0.6071582126240004,0.0014386975106834296
full_phi5,20260818,0.5160304672922152,0.9999999999999634,0.08347301377118035,0.08407559914640865,0.08335819302708677,0.2884288454333701,0.07909643824898449,0.2726607298584038,0.6325796086393615,0.2579161904346384,0.6071582126240004,0.0014390132678862798
full_phi5,20260819,0.5160304672922152,0.9999999999999634,0.08347301377118035,0.08407559914640865,0.07991349113576729,0.4826065248759927,0.0759667670484548,0.2726607298584038,0.6325796086393615,0.2579161904346384,0.6071582126240004,0.0014380728847006527
info,20260810,0.49507730221844637,0.958671700219124,0.08373896022951932,0.1020902880724576,0.08499400003648111,0.9012887921449633,0.05521644225005392,0.28042539441963726,0.63957096652831,0.2461254491797346,0.5865357213390842,0.0015291021406120971
info,20260811,0.5114305978522361,0.9908661909597594,0.08391930003334619,0.08756190817288166,0.08211519309166469,0.3101349706048556,0.05822286991354868,0.27395416859854416,0.6333816094510973,0.2547091514350977,0.5976678139172924,0.001245162745181328
info,20260812,0.5049713532172867,0.9790155408464237,0.08177557306551794,0.09175198972973456,0.08130986687433567,0.40555260822311656,0.07409713603105096,0.2766197135981003,0.6360911485439059,0.25067338319671406,0.590924802215446,0.0017085545523007665
info,20260813,0.19951612842224747,0.3881573519618101,0.06480099432229632,0.1198339010001352,0.11908350415559592,0.4147162898465647,0.04149772347633971,0.5139948665309787,0.781626671030201,0.11098672611745412,0.42068071151158215,0.0017485646411297359
info,20260814,0.13416189640619908,0.2611360667160319,0.05849360850008482,0.13220922095617477,0.07464180430192117,1.0900343359383178,0.10079173791507368,0.6705555572596181,0.8579633206746914,0.0756949233238965,0.36388640134937955,0.0016791256295102727
info,20260815,0.20570793251230954,0.4006401277654234,0.0645498617276605,0.1025059099228326,0.07500011400158005,0.7221502583079354,0.049370459258193375,0.4988011638806816,0.7751492216540867,0.11923019529506587,0.4484542880236626,0.0015355297446685932
info,20260816,0.26804597376013534,0.5222661257036197,0.06809392973327462,0.10180271352905486,0.08261226562528545,0.2544045300651546,0.06255356692487742,0.42208048297315737,0.7302224533829033,0.1421692613918572,0.44994008966433857,0.002007359576402401
info,20260817,0.5010973162191472,0.97129211111989,0.08266565926682744,0.09320564208056138,0.08087034568218968,0.342803483156108,0.06453588681853216,0.2699968455756849,0.6332832406076074,0.24991369837134458,0.5887029579924374,0.0014665911877543435
info,20260818,0.5028369951401428,0.9739548888564846,0.083396795994447,0.09669298584934136,0.08755443381762601,1.1884240499661085,0.09383104718472021,0.27723880128420486,0.6368745006407266,0.2504349867222768,0.5914936453848268,0.0013209003382587494
info,20260819,0.515484501036315,0.9988709810580578,0.08437812243347169,0.08377232441763012,0.08206507331372481,0.5666867898331509,0.07267652075861517,0.27169749619961575,0.6321576871613099,0.2562424723769843,0.598093274477393,0.0021111402560654207
joint_matched_random,20260810,0.029892528630621428,0.05829647539597097,0.05510355177078742,0.0687633670071571,0.06771818537772065,0.0666986908692444,0.04470095332880651,0.8832519808745275,0.9543320119002097,0.02190707353428644,0.22926088142829476,0.0016287006209386712
joint_matched_random,20260811,0.02827863083473083,0.05468397056985795,0.05497189494645418,0.07134701361678406,0.058623505253521224,0.09187782074899865,0.04421310114364678,0.8971900253296194,0.9603597036748033,0.01923741777087979,0.21017468438384368,0.0016558620574173538
joint_matched_random,20260812,0.038916004268873636,0.07591423753920357,0.056282450678995656,0.0762117043410988,0.07277975310738889,0.23459782193042505,0.04382063397242816,0.8574789681039137,0.9435057371201655,0.027195431905636898,0.2482934441839339,0.0012284692504887145
joint_matched_random,20260813,0.05015433474672911,0.09753769755869501,0.05603105878759065,0.08608799582031271,0.0803139873641663,0.2772041269917652,0.04578186326075549,0.8308005376951316,0.9327834638069608,0.033201151086765204,0.26553698918624213,0.0017629771262197287
joint_matched_random,20260814,0.005669231811093535,0.011011151765872747,0.05402782807575587,0.05817283683587863,0.056386178441363066,0.03574375674799254,0.035887307522281406,0.9765411978336566,0.9908314320636601,0.004517510959597567,0.11235132340610314,0.0015244679678787852
joint_matched_random,20260815,0.026473587240262542,0.0516270189919761,0.05531193549953602,0.07124119817758098,0.06366779144147361,0.1705877921930669,0.04223439754020247,0.8921820310949377,0.9580499153353557,0.020016799114423632,0.22192972859824583,0.0015666903681304373
joint_matched_random,20260816,0.02762244152459859,0.05333181569520893,0.05501086159692757,0.0711520943939193,0.05949582748447191,0.09672100365358194,0.03853141210726387,0.8966629301512776,0.9599809461509334,0.019166251922559923,0.2107747535116425,0.0017619085177189484
joint_matched_random,20260817,0.18478073790991917,0.3585847522577753,0.06511677865502331,0.10951353088614901,0.08973363932335525,0.4364719790766249,0.05759011612909991,0.5162552857535606,0.7889738813699924,0.10516963637052494,0.4108479396067216,0.0014870883880929628
joint_matched_random,20260818,0.01899203840530569,0.03725040675240303,0.054521260358803,0.06455334428976786,0.0577753287406,0.08627408830601171,0.042324814774217276,0.9222739882119877,0.9696409243771568,0.014986876247225046,0.19963534743440214,0.0017011547221929177
joint_matched_random,20260819,0.35789742814774994,0.6939406850208617,0.07456740891706845,0.1002023478840531,0.0768899265738932,0.4837142734869214,0.061063600179308605,0.3460441149688203,0.685539411791216,0.1806375116857313,0.4967368523577863,0.001457688460300417
random,20260810,0.4259338013631401,0.8248755952761734,0.07742328875416056,0.10510858152638924,0.1063445133865496,0.5198636598069705,0.05894592284136589,0.30876411535178927,0.6611968112120696,0.2090614115053974,0.5318596181888278,0.001897161727401717
random,20260811,0.2991652907141045,0.5791994674187391,0.06949422265102041,0.11485989104409253,0.07455090184215754,0.3046232597039202,0.05853131011535181,0.4039173678147446,0.719890455527141,0.15992392377576392,0.4924136639119315,0.001199148609818014
random,20260812,0.16834163547319234,0.3267661892424655,0.06582718449384294,0.08191899902701683,0.07336883848380985,0.37312400064475215,0.06591052534819501,0.5073648457600243,0.7851171259545542,0.10458972026333253,0.4194402525289541,0.0018235612565305162
random,20260813,0.38688139365947827,0.748267929458966,0.07654561549358462,0.09736563653356968,0.08139547034030528,0.8091113055824375,0.07512049033756987,0.32278787513637835,0.6695518367927871,0.19509677949421228,0.5160811908989905,0.0017078304918915765
random,20260814,0.08805524246355712,0.17109366130266937,0.05832213067885056,0.09778661676293454,0.06256711752217646,0.2600228340272952,0.04985358490283097,0.709735670377832,0.8813036546809189,0.05689452201050934,0.33819443715082376,0.0016199873717462024
random,20260815,0.15949783244641974,0.31081447923082095,0.062378957777138366,0.10391071542523704,0.07319793837945973,0.4977162022034477,0.04468219485543233,0.5685279499276611,0.8135391654395374,0.09592615822788449,0.41692027771421775,0.0017016638668726227
random,20260816,0.1298147812460686,0.2530173015683438,0.05858081096984029,0.13242404580030762,0.06897374209359948,0.48476033000045626,0.09173949016464723,0.6769364353015719,0.8609920374298017,0.07163624059284435,0.3448671211049093,0.0021982450432881193
random,20260817,0.42542387989679575,0.8250233823664402,0.07906496548562755,0.09881234192685819,0.07877535411487921,0.5565373399528348,0.04988103170456697,0.28507427100290944,0.6486454754651321,0.21570339712959088,0.5402242288461159,0.0018352641705384164
random,20260818,0.37332936394138116,0.7242013425399474,0.07790984703237049,0.10443637230374732,0.08448051926290451,0.666427038422887,0.07337087816886446,0.33966767683445426,0.6803714329792865,0.19055208745181615,0.5166470485323549,0.0012001222022655282
random,20260819,0.48136692780504936,0.9333464622659197,0.08208641118529376,0.09042223968873922,0.08147592645345816,0.48721371832983545,0.07530477050950642,0.26933184999359466,0.6346329407542941,0.24066002091397848,0.5727655066614166,0.0021431699865973475
strength_matched_random,20260810,0.029627916388510568,0.05795527355499117,0.05549166643509194,0.06904518805837336,0.06524048249901934,0.08126717168925698,0.04754791454321239,0.8839919593150858,0.9540601927797694,0.022544197329996768,0.23696263212247098,0.0015768696020258086
strength_matched_random,20260811,0.0286752933203774,0.05595386577348007,0.05552047042027064,0.07086953042780167,0.05791228752912932,0.09507253951843432,0.04544367473442752,0.8873796245855553,0.9565289714565083,0.02065886540312081,0.21907202539936202,0.0013517461753437053
strength_matched_random,20260812,0.03878424469514287,0.07513494750783369,0.05577479588780908,0.07026756496162878,0.06613597340839203,0.22646427932877639,0.05033646987524713,0.8416543860479617,0.9387913509641939,0.029569626689976376,0.27041859546554375,0.0016157738453822282
strength_matched_random,20260813,0.0486188069882255,0.09407003828949809,0.055784104946599425,0.08205695228889284,0.06885853190733975,0.38063430932607545,0.052823729550473784,0.8350174680461752,0.9353250887780631,0.0325076192396417,0.26944959928723977,0.0014695247934307812
strength_matched_random,20260814,0.005736873710939146,0.011097172481229569,0.05405280180385062,0.058238169437305774,0.05617329828381947,0.03395128195347265,0.03587599687571282,0.9779991315977868,0.9914093325625869,0.004274088957262975,0.10552482173840656,0.0014637390847440951
strength_matched_random,20260815,0.02620648579012,0.05026949360737295,0.054769667651410184,0.07102081411606209,0.06236312894882464,0.3170242585839164,0.04805311846353448,0.9024009834801598,0.9623889174816587,0.018580301823748556,0.2119947797602249,0.0013190297120037433
strength_matched_random,20260816,0.027632979082197355,0.05452028178292253,0.05511722079354325,0.07001587018560243,0.06018152433079156,0.08301392114313977,0.04336850365445781,0.8929024179391355,0.9576467052263492,0.020379148424467173,0.22284738828435763,0.0017972781204906123
strength_matched_random,20260817,0.18431550178840775,0.3572663834387516,0.06375801940979055,0.10992486424713119,0.09403613807818881,0.42361792292776457,0.059588559713861254,0.5312843924658169,0.793154663725724,0.10366870150830294,0.4032695769796487,0.0016890266467871208
strength_matched_random,20260818,0.01847620185232668,0.03608079171116192,0.05480587649656103,0.06473200542479236,0.05772123629842964,0.09989515091743564,0.04029066820862207,0.9270331688514993,0.9715899092004996,0.014218881541006256,0.19465332452114453,0.0016612009267715864
strength_matched_random,20260819,0.3518075292656778,0.6825420884140669,0.07335913020783424,0.11938665589021089,0.09008847666491829,0.9195551698179676,0.0718951344749244,0.34783843551591376,0.6884597764374092,0.17660883039826833,0.48749605883022895,0.0017565363869253806
