id,feed,kill,component_count_mean,component_count_std,background_component_count_mean,background_component_count_std,minority_component_count_mean,minority_component_count_std,phase_component_max_mean,phase_component_max_std,euler_characteristic_mean,euler_characteristic_std,absolute_euler_characteristic_mean,absolute_euler_characteristic_std,interface_length_mean,interface_length_std,area_fraction_mean,area_fraction_std,minkowski_area_mean,minkowski_area_std,minkowski_perimeter_mean,minkowski_perimeter_std,minkowski_euler_mean,minkowski_euler_std,anisotropy_mean,anisotropy_std,heldout_spectrum_1_mean,heldout_spectrum_1_std,heldout_spectrum_2_mean,heldout_spectrum_2_std,phi_mean_mean,phi_second_moment_mean,phi_shell_1_mean,phi_shell_2_mean,field_min,field_max,within_regime_diversity,pattern_presence_fraction,mean_timestep_relative_rmse,worst_timestep_relative_rmse,design_regime_gate_pass,design_regime_failure_reason,morphology_score,empirical_class
gs_01,0.018,0.051,0.453125,1.082760837741203,1.0625,0.3933978962347216,0.5,1.168366109179552,1.3125,0.8521681032463466,0.34375,1.1981301569595322,0.46875,1.1542708823500962,0.025604248046875,0.055040796941821436,0.045654296875,0.10626590442319138,0.045654296875,0.10626590442319138,0.025604248046875,0.055040796941821436,0.34375,1.1981301569595322,0.03926728580331738,0.10470459242694208,1.964921551399639e-06,5.5295753932435105e-06,4.4338818736887535e-08,1.2345074584582573e-07,0.01759955659508705,0.0028733438812196255,0.0016392834950238466,0.0005806614644825459,9.80908925027372e-45,0.37876731157302856,0.0497334860265255,0.203125,0.25,1.0,False,pattern_presence;mean_timestep_convergence;worst_timestep_convergence,nan,rejected_unstable
gs_02,0.022,0.051,1.265625,0.8016290457463021,2.0625,1.0370134162086937,2.078125,1.2124314740904243,2.328125,1.0397601600735578,-0.609375,1.9729696214042747,1.546875,1.3561112411644918,0.159698486328125,0.04028461228144966,0.479705810546875,0.1708497989840575,0.479705810546875,0.1708497989840575,0.159698486328125,0.04028461228144966,-0.609375,1.9729696214042747,0.3029946454965827,0.17551553771006606,2.9349309993624892e-05,3.96946366198263e-05,1.6492605596849388e-06,2.680717771572626e-06,0.14403510093688965,0.03023434616625309,0.015319100581109524,0.004777184687554836,8.407790785948902e-45,0.4412085711956024,0.09692167490720749,0.96875,0.6147538423538208,1.054762840270996,False,mean_timestep_convergence;worst_timestep_convergence,nan,rejected_unstable
gs_03,0.026,0.055,1.484375,0.5342904358504557,1.796875,0.44292274219727706,1.78125,0.48693241276708477,1.859375,0.3930825471690252,-0.421875,0.751816583086044,0.546875,0.6649904522527385,0.214752197265625,0.0314305102622774,0.523406982421875,0.06789252271899765,0.523406982421875,0.06789252271899765,0.214752197265625,0.0314305102622774,-0.421875,0.751816583086044,0.28713396037273486,0.1969495954205024,2.0451371000036446e-05,5.482327477699973e-06,3.071858183422014e-07,1.0478018824968719e-07,0.15887516736984253,0.033573199063539505,0.016750197857618332,0.006462206598371267,8.407790785948902e-45,0.3419870138168335,0.09056654572486877,0.984375,0.01925988309085369,0.025385556742548943,True,,-2.6415690375526077,labyrinth_like
gs_04,0.03,0.055,1.0,0.0,4.296875,0.6589960497990817,4.296875,0.6589960497990817,4.296875,0.6589960497990817,-4.296875,0.6589960497990817,4.296875,0.6589960497990817,0.15411376953125,0.015075591419046786,0.760162353515625,0.02044957803082176,0.760162353515625,0.02044957803082176,0.15411376953125,0.015075591419046786,-4.296875,0.6589960497990817,0.30037777778848906,0.20127215591791345,9.413485618340051e-06,3.1021513217071896e-06,9.375888964136311e-08,4.1480013823643005e-08,0.19959254562854767,0.04438205063343048,0.019220972433686256,0.004704819060862064,0.02251093089580536,0.30257856845855713,0.06685808300971985,1.0,0.014664369635283947,0.04625776782631874,True,,1.3066102976079506,ambiguous
gs_05,0.034,0.058,1.109375,0.3145764348029479,2.359375,0.7425222459389925,2.359375,0.7425222459389925,2.359375,0.7425222459389925,-1.765625,1.0800086345921733,1.765625,1.0800086345921733,0.21331787109375,0.016748965385275805,0.609039306640625,0.020157689160159677,0.609039306640625,0.020157689160159677,0.21331787109375,0.016748965385275805,-1.765625,1.0800086345921733,0.3315857178944826,0.2648708379461872,2.8942846657555447e-05,5.117516697630343e-06,5.42193179650782e-07,1.863248268784571e-07,0.18550798296928406,0.04346228390932083,0.02081168256700039,0.007919532246887684,0.0030579494778066874,0.35774946212768555,0.09431065618991852,1.0,0.010073462501168251,0.018995394930243492,True,,-1.8244027577544852,ambiguous
gs_06,0.038,0.061,1.609375,0.6812031256627485,1.296875,0.4937606739854878,1.65625,0.6718548123582124,1.78125,0.6538955307075933,0.890625,1.0407138499416242,1.078125,0.841478055245838,0.2305908203125,0.013980081691929887,0.497650146484375,0.011254494860703236,0.497650146484375,0.011254494860703236,0.2305908203125,0.013980081691929887,0.890625,1.0407138499416242,0.3273539077773316,0.1834404472614516,5.5668090571401395e-05,8.60080233357079e-06,2.793410598677971e-06,5.17513506210058e-07,0.16617563366889954,0.040337640792131424,0.02107318490743637,0.01042862981557846,0.0009450977668166161,0.385031521320343,0.11202706396579742,1.0,0.01112707331776619,0.03448840230703354,True,,-2.772467393378521,labyrinth_like
gs_07,0.042,0.059,1.0,0.0,4.625,0.8067178260046389,4.625,0.8067178260046389,4.625,0.8067178260046389,-4.59375,0.867742006863901,4.59375,0.867742006863901,0.1513671875,0.017249532942046578,0.7891845703125,0.025318681940183656,0.7891845703125,0.025318681940183656,0.1513671875,0.017249532942046578,-4.59375,0.867742006863901,0.2396678191258606,0.15960155367549517,2.273827380687647e-05,5.948114072716673e-06,3.896452837312014e-07,2.1976752899188301e-07,0.22545963525772095,0.057182297110557556,0.024781418964266777,0.006633329205214977,0.018435264006257057,0.34147101640701294,0.07880724966526031,1.0,0.001052945968694985,0.0015474010724574327,True,,1.7335617215086045,spot_like
gs_08,0.046,0.063,1.96875,0.8158888424133542,1.171875,0.41992771486803027,1.96875,0.8158888424133542,2.109375,0.7153018565834609,1.6875,1.0522085616183026,1.6875,1.0522085616183026,0.216400146484375,0.03284499850577743,0.458648681640625,0.05921417834733641,0.458648681640625,0.05921417834733641,0.216400146484375,0.03284499850577743,1.6875,1.0522085616183026,0.31597978163419227,0.1549904654482524,9.071236485173054e-05,1.8228527791586947e-05,7.116443415177698e-06,1.4832496999228513e-06,0.1607845574617386,0.041998207569122314,0.02301347628235817,0.012245021760463715,5.605193857299268e-45,0.4147779643535614,0.1257311999797821,0.984375,0.002686518244445324,0.004187969025224447,True,,-2.0973921303448977,labyrinth_like
gs_09,0.054,0.062,1.109375,0.5379911930594439,2.046875,0.8438326679079042,1.953125,0.9988833050676426,2.0625,0.8333333333333334,-0.578125,0.8508574106942557,0.671875,0.7777600621565203,0.192626953125,0.06470628043242443,0.535125732421875,0.17447604059321298,0.535125732421875,0.17447604059321298,0.192626953125,0.06470628043242443,-0.578125,0.8508574106942557,0.27609146646840305,0.19407210092504038,9.615343748729254e-05,3.6857248129576994e-05,5.372573256349073e-06,2.3071965495138866e-06,0.18386739492416382,0.05169001221656799,0.025999048724770546,0.011888743378221989,5.605193857299268e-45,0.4260767996311188,0.13306841254234314,0.90625,0.00276983343064785,0.007563118822872639,True,,-2.1323803837825714,labyrinth_like
gs_10,0.062,0.061,0.734375,0.4451569190068627,2.234375,1.0800086345921733,1.96875,1.425045251300452,2.234375,1.0800086345921733,-1.671875,1.4148272371958037,1.671875,1.4148272371958037,0.109161376953125,0.07000103003637177,0.5571746826171875,0.3401348003549634,0.5571746826171875,0.3401348003549634,0.109161376953125,0.07000103003637177,-1.671875,1.4148272371958037,0.2486305762750844,0.23449022428433747,6.213105599671661e-05,4.401358965309599e-05,2.964490543756291e-06,2.2170687213926877e-06,0.18302924931049347,0.05466770753264427,0.024981388822197914,0.007848266512155533,5.605193857299268e-45,0.4300645589828491,0.14500615000724792,0.734375,0.0018986966460943222,0.006370137445628643,False,pattern_presence,nan,rejected_unstable
gs_11,0.07,0.06,0.625,0.4879500364742666,0.796875,0.7166874304854753,0.421875,0.7726410591919164,1.125,0.45425676257949793,-0.328125,0.7570764046908889,0.328125,0.7570764046908889,0.013092041015625,0.02480235537596104,0.6087799072265625,0.47637485077507563,0.6087799072265625,0.47637485077507563,0.013092041015625,0.02480235537596104,-0.328125,0.7570764046908889,0.13709742086878293,0.27842455918029835,2.9014599115628903e-06,5.717756297479557e-06,7.780734209588913e-07,2.027745557468048e-06,0.19584554433822632,0.06245194748044014,0.02416571043431759,0.0033831822220236063,4.203895392974451e-45,0.3974485695362091,0.1551767885684967,0.296875,0.0007514107855968177,0.0016726736212149262,False,pattern_presence,nan,rejected_unstable
gs_12,0.078,0.061,0.671875,0.9094684912122776,1.0,0.0,0.671875,0.9094684912122776,1.265625,0.5115239447296148,0.671875,0.9094684912122776,0.671875,0.9094684912122776,0.044769287109375,0.06286640093723697,0.108123779296875,0.14358399601418556,0.108123779296875,0.14358399601418556,0.044769287109375,0.06286640093723697,0.671875,0.9094684912122776,0.11880271761674353,0.2068813644093525,8.45746045309925e-05,0.00012170894814420294,5.932115287153329e-06,8.243015861613322e-06,0.04233904182910919,0.013938941061496735,0.009560048580169678,0.00417112372815609,4.203895392974451e-45,0.4811443090438843,0.10762223601341248,0.40625,0.0009637331240810454,0.0026927844155579805,False,pattern_presence,nan,rejected_unstable
gs_13,0.022,0.061,0.546875,1.367765963225701,1.0,0.0,0.546875,1.367765963225701,1.40625,1.01916165361069,0.546875,1.367765963225701,0.546875,1.367765963225701,0.01629638671875,0.040657864832330616,0.0246429443359375,0.061483132098271324,0.0246429443359375,0.061483132098271324,0.01629638671875,0.040657864832330616,0.546875,1.367765963225701,0.008409400670008699,0.024784009967432446,7.514825390948943e-06,1.8947244823209835e-05,1.6470575431559762e-07,4.471130366141758e-07,0.009277775883674622,0.0019147710409015417,0.0014311197446659207,0.0007399547612294555,8.407790785948902e-45,0.3719698488712311,0.040571339428424835,0.140625,0.0,0.0,False,pattern_presence,nan,rejected_unstable
gs_14,0.026,0.061,5.90625,1.3997590495601009,1.0,0.0,5.90625,1.3997590495601009,5.953125,1.2009214385576192,5.90625,1.3997590495601009,5.90625,1.3997590495601009,0.1700439453125,0.038899204503567354,0.2459869384765625,0.056594669216851315,0.2459869384765625,0.056594669216851315,0.1700439453125,0.038899204503567354,5.90625,1.3997590495601009,0.04436200122979256,0.03232554175531171,8.562247106249298e-05,2.9273650493586905e-05,1.7638299061503575e-06,7.764308500272176e-07,0.09413629025220871,0.019915472716093063,0.012624837458133698,0.007698071654886007,7.006492321624085e-45,0.38680461049079895,0.10389605164527893,0.953125,0.1553230732679367,0.5790480971336365,False,mean_timestep_convergence;worst_timestep_convergence,nan,rejected_unstable
gs_15,0.03,0.062,6.5625,0.709907215041694,1.0,0.0,6.5625,0.709907215041694,6.5625,0.709907215041694,6.5625,0.709907215041694,6.5625,0.709907215041694,0.193939208984375,0.010490113136974035,0.2870025634765625,0.0074191764954723086,0.2870025634765625,0.0074191764954723086,0.193939208984375,0.010490113136974035,6.5625,0.709907215041694,0.06729569128824137,0.04577430916635776,0.00012027953780490962,2.766220653839615e-05,3.0876189614299717e-06,5.139684017067168e-07,0.11011728644371033,0.02469964697957039,0.015085584484040737,0.009567102417349815,0.0008417832432314754,0.3792513310909271,0.11075926572084427,1.0,0.04053683951497078,0.0801606997847557,True,,3.192753001262736,spot_like
gs_16,0.034,0.063,6.671875,0.8367489525083431,1.0,0.0,6.671875,0.8367489525083431,6.671875,0.8367489525083431,6.671875,0.8367489525083431,6.671875,0.8367489525083431,0.203948974609375,0.011286058917310762,0.304229736328125,0.00985200012901425,0.304229736328125,0.00985200012901425,0.203948974609375,0.011286058917310762,6.671875,0.8367489525083431,0.08114197158063592,0.05286063821695476,0.00013906775592131484,2.9912456545908172e-05,4.399899548331938e-06,5.715046525219987e-07,0.11715336889028549,0.02741030417382717,0.01637955754995346,0.010681021958589554,0.0003578739706426859,0.38923245668411255,0.11604698747396469,1.0,0.009361708536744118,0.019571689888834953,True,,3.1252092647366645,spot_like
gs_17,0.038,0.064,6.3125,0.9063269671749657,1.0,0.0,6.3125,0.9063269671749657,6.3125,0.9063269671749657,6.3125,0.9063269671749657,6.3125,0.9063269671749657,0.20050048828125,0.013546042381622818,0.30682373046875,0.013201952513436154,0.30682373046875,0.013201952513436154,0.20050048828125,0.013546042381622818,6.3125,0.9063269671749657,0.09755555883323856,0.06467045909101315,0.0001614777524902652,3.8972118898381015e-05,5.8885035140720625e-06,1.023391095296931e-06,0.11766950786113739,0.028637688606977463,0.01742030493915081,0.011247413232922554,0.00016547850100323558,0.4017409682273865,0.12015572190284729,1.0,0.005232676863670349,0.009215849451720715,True,,2.8067410347237107,spot_like
gs_18,0.042,0.064,4.53125,1.112251399011561,1.0,0.0,4.53125,1.112251399011561,4.546875,1.0530332227683836,4.515625,1.1407625895488884,4.515625,1.1407625895488884,0.21044921875,0.029388703638263774,0.3600006103515625,0.04761621241133249,0.3600006103515625,0.04761621241133249,0.21044921875,0.029388703638263774,4.515625,1.1407625895488884,0.1957320260135414,0.14347109429590515,0.00012353489749659225,3.249686707686884e-05,7.906287515427285e-06,1.505790575150244e-06,0.13283869624137878,0.03328709676861763,0.019250154495239258,0.011889694258570671,5.605193857299268e-45,0.40879130363464355,0.12421386688947678,0.984375,0.010219189338386059,0.03336919844150543,True,,0.7752124346759276,ambiguous
gs_19,0.046,0.065,3.84375,1.3594904507624486,1.0,0.0,3.84375,1.3594904507624486,3.90625,1.191487665543734,3.84375,1.3594904507624486,3.84375,1.3594904507624486,0.169525146484375,0.05434338001562012,0.2885589599609375,0.08854081049272772,0.2885589599609375,0.08854081049272772,0.169525146484375,0.05434338001562012,3.84375,1.3594904507624486,0.16426494358409177,0.10037483126402698,0.00014384615928922845,5.651101330391524e-05,9.4593208069827e-06,3.2410045327820243e-06,0.10791744291782379,0.028122711926698685,0.017833717167377472,0.01052351575344801,5.605193857299268e-45,0.4269811809062958,0.12758231163024902,0.9375,0.0025660479441285133,0.003960273694247007,True,,0.7912917829003118,ambiguous
gs_20,0.05,0.065,2.078125,1.1311559967081857,1.0,0.0,2.078125,1.1311559967081857,2.1875,0.9574271077563381,2.078125,1.1311559967081857,2.078125,1.1311559967081857,0.152435302734375,0.06679032046691212,0.2857818603515625,0.12085203920936634,0.2857818603515625,0.12085203920936634,0.152435302734375,0.06679032046691212,2.078125,1.1311559967081857,0.40051871198106725,0.22940706187230211,8.644327448247878e-05,3.988191236168854e-05,9.261572514169873e-06,4.408475009884546e-06,0.10465535521507263,0.02804674580693245,0.017789769917726517,0.009777311235666275,5.605193857299268e-45,0.4287179112434387,0.12986989319324493,0.890625,0.006581458263099194,0.0204609502106905,False,pattern_presence,nan,rejected_unstable
grid_F0220_k0550,0.022,0.055,2.671875,1.6335246486593882,1.171875,0.38025419651629616,2.671875,1.6335246486593882,2.84375,1.4054175225527867,2.234375,1.875,2.234375,1.875,0.1490478515625,0.06727849319323834,0.2899932861328125,0.14493626698653758,0.2899932861328125,0.14493626698653758,0.1490478515625,0.06727849319323834,2.234375,1.875,0.21288524184753982,0.23848735605331645,3.46532946177688e-05,3.213971866782496e-05,1.6328339232511361e-06,2.218082010749588e-06,0.09800364822149277,0.019824258983135223,0.011701109819114208,0.005067307502031326,8.407790785948902e-45,0.5130871534347534,0.10019126534461975,0.875,0.7663519382476807,1.2026166915893555,False,pattern_presence;mean_timestep_convergence;worst_timestep_convergence,nan,rejected_unstable
grid_F0220_k0570,0.022,0.057,3.078125,2.451463362778979,1.03125,0.17536809360305042,3.078125,2.451463362778979,3.421875,2.0377756897913866,3.03125,2.475074153129975,3.03125,2.475074153129975,0.11163330078125,0.08069407085483024,0.186981201171875,0.14071721883044663,0.186981201171875,0.14071721883044663,0.11163330078125,0.08069407085483024,3.03125,2.475074153129975,0.06825452298048895,0.09763869792353344,3.6832778368766104e-05,3.9999484993825016e-05,1.38914314989919e-06,1.5777860417251346e-06,0.06803575158119202,0.01340528391301632,0.00833071582019329,0.004033025819808245,8.407790785948902e-45,0.4517328143119812,0.09281488507986069,0.6875,37180833792.0,148723335168.0,False,pattern_presence;mean_timestep_convergence;worst_timestep_convergence,nan,rejected_unstable
grid_F0220_k0590,0.022,0.059,4.125,2.228958045422562,1.03125,0.17536809360305042,4.125,2.228958045422562,4.328125,1.8606594453119496,4.09375,2.265817417937414,4.09375,2.265817417937414,0.12640380859375,0.06407432196008266,0.191925048828125,0.09787858630280222,0.191925048828125,0.09787858630280222,0.12640380859375,0.06407432196008266,4.09375,2.265817417937414,0.0382177342514042,0.04828115859640039,4.964966302725007e-05,4.5725793133388644e-05,2.0712708704832776e-06,3.901767664550736e-06,0.07201581448316574,0.01464876253157854,0.009658539667725563,0.005320210475474596,8.407790785948902e-45,0.5254393815994263,0.09595155715942383,0.8125,0.3243826627731323,1.2175980806350708,False,pattern_presence;mean_timestep_convergence;worst_timestep_convergence,nan,rejected_unstable
grid_F0220_k0630,0.022,0.063,0.0,0.0,1.0,0.0,0.0,0.0,1.0,0.0,0.0,0.0,0.0,0.0,0.0,0.0,0.0,0.0,0.0,0.0,0.0,0.0,0.0,0.0,0.0,0.0,0.0,0.0,0.0,0.0,7.006492321624085e-45,0.0,0.0,0.0,7.006492321624085e-45,7.006492321624085e-45,0.0,0.0,0.0,0.0,False,pattern_presence,nan,rejected_unstable
grid_F0220_k0640,0.022,0.064,0.0,0.0,1.0,0.0,0.0,0.0,1.0,0.0,0.0,0.0,0.0,0.0,0.0,0.0,0.0,0.0,0.0,0.0,0.0,0.0,0.0,0.0,0.0,0.0,0.0,0.0,0.0,0.0,7.006492321624085e-45,0.0,0.0,0.0,7.006492321624085e-45,7.006492321624085e-45,0.0,0.0,0.0,0.0,False,pattern_presence,nan,rejected_unstable
grid_F0220_k0650,0.022,0.065,0.0,0.0,1.0,0.0,0.0,0.0,1.0,0.0,0.0,0.0,0.0,0.0,0.0,0.0,0.0,0.0,0.0,0.0,0.0,0.0,0.0,0.0,0.0,0.0,0.0,0.0,0.0,0.0,7.006492321624085e-45,0.0,0.0,0.0,7.006492321624085e-45,7.006492321624085e-45,0.0,0.0,0.0,0.0,False,pattern_presence,nan,rejected_unstable
grid_F0260_k0570,0.026,0.057,2.421875,1.3663145597520638,1.453125,0.5890451649485007,2.4375,1.3786927325527072,2.5,1.3213749452868198,1.375,1.9960278014413988,1.5,1.9023794624226837,0.21051025390625,0.041340550810655116,0.407684326171875,0.08934040589488391,0.407684326171875,0.08934040589488391,0.21051025390625,0.041340550810655116,1.375,1.9960278014413988,0.35893591224906923,0.22216215760250307,3.250113659919987e-05,3.061896772733804e-05,1.187163702449512e-06,1.1855153416952226e-06,0.1331556737422943,0.027965541929006577,0.01534489169716835,0.0072025698609650135,3.729398173002752e-35,0.47787901759147644,0.10006825625896454,0.96875,0.00974058173596859,0.02027258649468422,True,,-1.8904704529331116,labyrinth_like
grid_F0260_k0590,0.026,0.059,5.703125,1.9080421903092184,1.0,0.0,5.703125,1.9080421903092184,5.75,1.7728105208558367,5.703125,1.9080421903092184,5.703125,1.9080421903092184,0.18817138671875,0.05185405583429927,0.3018798828125,0.08028890682928483,0.3018798828125,0.08028890682928483,0.18817138671875,0.05185405583429927,5.703125,1.9080421903092184,0.095299277263522,0.0980123778158691,8.507125617653657e-05,4.48962579351295e-05,3.037943121776735e-06,2.88363917088754e-06,0.1117347702383995,0.024473093450069427,0.014474580995738506,0.008077726699411869,3.4495497022704285e-34,0.4674624502658844,0.10851657390594482,0.953125,0.16374064981937408,0.5399059653282166,False,mean_timestep_convergence;worst_timestep_convergence,nan,rejected_unstable
grid_F0260_k0630,0.026,0.063,1.515625,1.8515732263938178,1.0,0.0,1.515625,1.8515732263938178,2.0625,1.4128098761092187,1.515625,1.8515732263938178,1.515625,1.8515732263938178,0.045501708984375,0.053726497889766044,0.0688629150390625,0.08032368349388362,0.0688629150390625,0.08032368349388362,0.045501708984375,0.053726497889766044,1.515625,1.8515732263938178,0.0357590342714573,0.06033830702292148,2.596789593918757e-05,3.097373662742767e-05,8.105990902294547e-07,1.0379031551204087e-06,0.02589021809399128,0.005587230436503887,0.004166675731539726,0.0022067870013415813,7.006492321624085e-45,0.38381221890449524,0.06821165233850479,0.453125,0.2627415657043457,0.8839030265808105,False,pattern_presence;mean_timestep_convergence;worst_timestep_convergence,nan,rejected_unstable
grid_F0260_k0640,0.026,0.064,0.28125,0.5764904768001549,1.0,0.0,0.28125,0.5764904768001549,1.0625,0.2439750182371333,0.28125,0.5764904768001549,0.28125,0.5764904768001549,0.008453369140625,0.017221620058899514,0.0126190185546875,0.025707788471790553,0.0126190185546875,0.025707788471790553,0.008453369140625,0.017221620058899514,0.28125,0.5764904768001549,0.002688547777451042,0.010340433465638354,5.747954816391284e-06,1.1707218773442567e-05,8.88628557613544e-08,1.848292551632458e-07,0.004678590223193169,0.0010004424257203937,0.0008158751297742128,0.0004006081144325435,7.006492321624085e-45,0.3335552215576172,0.02533837780356407,0.21875,0.0,0.0,False,pattern_presence,nan,rejected_unstable
grid_F0260_k0650,0.026,0.065,0.03125,0.17536809360305042,1.0,0.0,0.03125,0.17536809360305042,1.0,0.0,0.03125,0.17536809360305042,0.03125,0.17536809360305042,0.000885009765625,0.00496952625025131,0.0012054443359375,0.006765246619107898,0.0012054443359375,0.006765246619107898,0.000885009765625,0.00496952625025131,0.03125,0.17536809360305042,4.9705460248375565e-06,3.675213170898968e-05,4.919129983347191e-07,2.7605116719251126e-06,1.0023706536452298e-08,5.636809003955169e-08,0.00046786031452938914,9.897771087707952e-05,8.104878361336887e-05,4.2399115045554936e-05,7.006492321624085e-45,0.33997949957847595,0.003708849661052227,0.03125,0.0,0.0,False,pattern_presence,nan,rejected_unstable
grid_F0300_k0570,0.03,0.057,1.53125,0.5029673851018478,1.8125,0.46717659215115676,1.8125,0.46717659215115676,1.828125,0.4561636959034744,-0.359375,0.5736872523353326,0.390625,0.552546414052738,0.225341796875,0.014811325671544782,0.547607421875,0.009887324525645025,0.547607421875,0.009887324525645025,0.225341796875,0.014811325671544782,-0.359375,0.5736872523353326,0.3021572990509718,0.23355349996692787,2.585177412013181e-05,5.071900646194123e-06,5.258585681455545e-07,1.3293635674827943e-07,0.1703413873910904,0.038087256252765656,0.01879553496837616,0.007707143202424049,0.0023168502375483513,0.3515641391277313,0.09477470815181732,1.0,0.02043585665524006,0.06993681192398071,True,,-2.8793716566234826,labyrinth_like
grid_F0300_k0590,0.03,0.059,2.328125,0.8175590362645243,1.25,0.4364357804719847,2.328125,0.8175590362645243,2.328125,0.8175590362645243,1.546875,1.3084546501230263,1.546875,1.3084546501230263,0.225738525390625,0.011472300484313113,0.445770263671875,0.012503643110506007,0.445770263671875,0.012503643110506007,0.225738525390625,0.011472300484313113,1.546875,1.3084546501230263,0.3815845958788836,0.1799115784345675,3.8113138432656023e-05,9.432041267636288e-06,1.5987796352333046e-06,2.473558707978168e-07,0.1474633514881134,0.032689906656742096,0.01758357509970665,0.008687296882271767,0.0015926385531201959,0.3642658293247223,0.10409754514694214,1.0,0.003277626819908619,0.005004679784178734,True,,-2.196103816827169,labyrinth_like
grid_F0300_k0610,0.03,0.061,6.796875,0.9458294000337767,1.0,0.0,6.796875,0.9458294000337767,6.796875,0.9458294000337767,6.78125,0.9338221509065897,6.78125,0.9338221509065897,0.213165283203125,0.00973685735211101,0.322845458984375,0.008327807001837191,0.322845458984375,0.008327807001837191,0.213165283203125,0.00973685735211101,6.78125,0.9338221509065897,0.097146276545829,0.0697852033725382,9.947520860991717e-05,1.4644557965960438e-05,2.819950786329539e-06,4.1806968097724916e-07,0.122702956199646,0.027445800602436066,0.015692785382270813,0.010033080354332924,0.0013485923409461975,0.3770841062068939,0.1098184883594513,1.0,0.008393230848014355,0.01690356247127056,True,,3.0758075341264965,spot_like
grid_F0300_k0630,0.03,0.063,5.796875,0.9788183270966668,1.0,0.0,5.796875,0.9788183270966668,5.8125,0.8886408384057868,5.78125,0.9506681025835679,5.78125,0.9506681025835679,0.169647216796875,0.02385201806005778,0.2482147216796875,0.032303531506188615,0.2482147216796875,0.032303531506188615,0.169647216796875,0.02385201806005778,5.78125,0.9506681025835679,0.05920700102489769,0.04353401044553297,0.00011210171057734385,2.4412682266743284e-05,2.8155617656818843e-06,8.753614779814785e-07,0.09549710899591446,0.021457277238368988,0.013995717279613018,0.00864406581968069,7.006492321624085e-45,0.38150426745414734,0.10999108850955963,0.984375,0.01610727421939373,0.030803125351667404,True,,2.82770289096682,spot_like
grid_F0300_k0640,0.03,0.064,3.53125,1.8167540389648893,1.0,0.0,3.53125,1.8167540389648893,3.6875,1.5210167860651846,3.53125,1.8167540389648893,3.53125,1.8167540389648893,0.1077880859375,0.051620754345777634,0.1629791259765625,0.07578298329222125,0.1629791259765625,0.07578298329222125,0.1077880859375,0.051620754345777634,3.53125,1.8167540389648893,0.057582712540936554,0.063456585630366,7.2442232878147e-05,3.608362738539098e-05,2.4240022064568614e-06,1.260680253714581e-06,0.061452366411685944,0.013820471242070198,0.010032851248979568,0.005519703030586243,7.006492321624085e-45,0.3901960551738739,0.09917332977056503,0.84375,0.015219400636851788,0.03339735046029091,False,pattern_presence,nan,rejected_unstable
grid_F0300_k0650,0.03,0.065,1.125,1.1198072396480807,1.0,0.0,1.125,1.1198072396480807,1.53125,0.7552724726458048,1.125,1.1198072396480807,1.125,1.1198072396480807,0.03314208984375,0.03254458386454501,0.0499420166015625,0.04867469296005992,0.0499420166015625,0.04867469296005992,0.03314208984375,0.03254458386454501,1.125,1.1198072396480807,0.012691743955402126,0.019872966974946716,2.747034742496459e-05,2.6343947747230788e-05,4.975207402601384e-07,5.056301287880388e-07,0.018882300704717636,0.004236889071762562,0.003383374772965908,0.0017292306292802095,7.006492321624085e-45,0.3588414788246155,0.0593448281288147,0.59375,0.00015253314631991088,0.0006101325852796435,False,pattern_presence,nan,rejected_unstable
grid_F0340_k0550,0.034,0.055,1.0,0.0,0.0,0.0,0.0,0.0,1.0,0.0,0.0,0.0,0.0,0.0,0.0,0.0,1.0,0.0,1.0,0.0,0.0,0.0,0.0,0.0,0.0006181356050143292,0.001021269166389794,2.1026990497566953e-17,3.2152067164842278e-18,2.339174176074147e-17,2.550033153256215e-18,0.24111208319664001,0.05813564732670784,0.022155283018946648,0.002554741222411394,0.23950958251953125,0.24353371560573578,0.0007833603303879499,0.0,0.0019148244755342603,0.003384229727089405,False,pattern_presence,nan,rejected_unstable
grid_F0340_k0570,0.034,0.057,1.0,0.0,4.015625,0.6544642180428298,4.015625,0.6544642180428298,4.015625,0.6544642180428298,-4.0,0.6900655593423543,4.0,0.6900655593423543,0.179046630859375,0.016266941978200382,0.71807861328125,0.01903660830643118,0.71807861328125,0.01903660830643118,0.179046630859375,0.016266941978200382,-4.0,0.6900655593423543,0.33927113501081285,0.22069982248809833,1.8289748319328104e-05,4.076824150136856e-06,2.218515818577948e-07,6.906996005414753e-08,0.20215582847595215,0.04729965329170227,0.021155815571546555,0.006189604289829731,0.013812365010380745,0.3290005326271057,0.07955373078584671,1.0,0.005939316004514694,0.017489304766058922,True,,0.5834830537339709,ambiguous
grid_F0340_k0590,0.034,0.059,1.484375,0.503706499953334,1.75,0.5345224838248488,1.75,0.5345224838248488,1.8125,0.5,-0.25,0.6666666666666666,0.40625,0.5833333333333334,0.226043701171875,0.015169778515591838,0.537109375,0.010075382513373803,0.537109375,0.010075382513373803,0.226043701171875,0.015169778515591838,-0.25,0.6666666666666666,0.33422212145208163,0.22796416195545452,3.8103905567741803e-05,6.449777776874758e-06,1.0662596930347962e-06,2.498420900261471e-07,0.17160089313983917,0.04013793170452118,0.020253337919712067,0.008940557949244976,0.0014487799489870667,0.36626002192497253,0.10295841842889786,1.0,0.06591879576444626,0.25720909237861633,False,mean_timestep_convergence;worst_timestep_convergence,nan,rejected_unstable
grid_F0340_k0610,0.034,0.061,3.296875,1.3414004468204708,1.046875,0.21304202581158665,3.296875,1.3414004468204708,3.296875,1.3414004468204708,3.140625,1.5313360439058044,3.140625,1.5313360439058044,0.22796630859375,0.012398974572835522,0.421417236328125,0.01391438384595445,0.421417236328125,0.01391438384595445,0.22796630859375,0.012398974572835522,3.140625,1.5313360439058044,0.3270413983138534,0.15982739928072917,6.192676465829837e-05,1.7381148295817644e-05,3.255061000668904e-06,4.2311776955463516e-07,0.1464587152004242,0.03393249958753586,0.01832982338964939,0.010160461999475956,0.001098637585528195,0.3778359591960907,0.11071185022592545,1.0,0.007091976236552,0.011823879554867744,True,,-0.9365076737865492,ambiguous
grid_F0340_k0640,0.034,0.064,6.0,1.0389249632986395,1.0,0.0,6.0,1.0389249632986395,6.015625,0.9510593508761106,6.0,1.0389249632986395,6.0,1.0389249632986395,0.177001953125,0.02515342500220433,0.259735107421875,0.0342038024119606,0.259735107421875,0.0342038024119606,0.177001953125,0.02515342500220433,6.0,1.0389249632986395,0.05764050392925734,0.04863925053746393,0.00013458840171147766,2.7361516958742325e-05,3.978215848411749e-06,1.3033999966276197e-06,0.10050324350595474,0.023567738011479378,0.015158187597990036,0.009629474952816963,7.006492321624085e-45,0.39330723881721497,0.11505535989999771,0.984375,0.005321190692484379,0.010137343779206276,True,,2.920000575947541,spot_like
grid_F0340_k0650,0.034,0.065,4.203125,1.0263154547693476,1.0,0.0,4.203125,1.0263154547693476,4.21875,0.9672206950928381,4.203125,1.0263154547693476,4.203125,1.0263154547693476,0.127777099609375,0.02569949281734061,0.192718505859375,0.03464890110675545,0.192718505859375,0.03464890110675545,0.127777099609375,0.02569949281734061,4.203125,1.0263154547693476,0.05187411616757885,0.0431549506076195,0.00010583125904623639,2.3194640053350237e-05,3.512032928446593e-06,9.085378087214582e-07,0.07356780767440796,0.01726577989757061,0.012541742995381355,0.007030118256807327,7.006492321624085e-45,0.3999979496002197,0.1081274002790451,0.984375,0.008967800997197628,0.031119640916585922,True,,1.9405381111235434,spot_like
grid_F0380_k0550,0.038,0.055,1.0,0.0,0.0,0.0,0.0,0.0,1.0,0.0,0.0,0.0,0.0,0.0,0.0,0.0,1.0,0.0,1.0,0.0,0.0,0.0,0.0,0.0,0.001797461502754579,0.0014760378495283738,1.0004531392291119e-16,3.195024812950813e-17,8.15755939741064e-17,2.1312345668459945e-17,0.2654479146003723,0.07046258449554443,0.026842862367630005,0.003095269203186035,0.26544710993766785,0.26544860005378723,3.49325773640885e-07,0.0,3.4980116652150173e-06,4.559300577966496e-06,False,pattern_presence,nan,rejected_unstable
grid_F0380_k0570,0.038,0.057,1.0,0.0,0.0,0.0,0.0,0.0,1.0,0.0,0.0,0.0,0.0,0.0,0.0,0.0,1.0,0.0,1.0,0.0,0.0,0.0,0.0,0.0,0.00016091128629582536,0.0001866912538192407,2.104249842861182e-17,3.2753945737969172e-18,2.2089689208978302e-17,2.954250379164562e-18,0.2446681559085846,0.05986258387565613,0.02281421609222889,0.002630723174661398,0.24376127123832703,0.2456245869398117,0.000284096400719136,0.0,0.0005474979989230633,0.0009923488833010197,False,pattern_presence,nan,rejected_unstable
grid_F0380_k0590,0.038,0.059,1.015625,0.125,2.9375,0.9738648255341695,2.9375,0.9738648255341695,2.9375,0.9738648255341695,-2.625,1.1885699023189225,2.625,1.1885699023189225,0.20526123046875,0.01612736690437908,0.6469268798828125,0.02174763852582479,0.6469268798828125,0.02174763852582479,0.20526123046875,0.01612736690437908,-2.625,1.1885699023189225,0.31847159202932734,0.2128618587111034,3.369299728176913e-05,6.112014693892663e-06,7.58802779044544e-07,2.4864609116908504e-07,0.19693787395954132,0.048078134655952454,0.022626444697380066,0.008301595225930214,0.007167702540755272,0.3682260513305664,0.09577564150094986,1.0,0.0031458474695682526,0.004915089346468449,True,,-0.9902527032970861,ambiguous
grid_F0380_k0630,0.038,0.063,4.984375,1.2017472398850886,1.015625,0.125,4.984375,1.2017472398850886,5.0,1.1547005383792515,4.953125,1.290129653875735,4.953125,1.290129653875735,0.220947265625,0.014082034904879762,0.3729095458984375,0.012731470357569854,0.3729095458984375,0.012731470357569854,0.220947265625,0.014082034904879762,4.953125,1.290129653875735,0.20183199963959053,0.10330714252208896,0.00011064587793306529,2.2566979797272216e-05,5.679703451263871e-06,8.739594423424806e-07,0.13692261278629303,0.03304309397935867,0.01851871982216835,0.011538296937942505,0.0003394110535737127,0.3950921595096588,0.11865130066871643,1.0,0.009639298543334007,0.024554146453738213,True,,1.0395496048181627,ambiguous
grid_F0380_k0650,0.038,0.065,5.359375,1.01367142699435,1.0,0.0,5.359375,1.01367142699435,5.359375,1.01367142699435,5.359375,1.01367142699435,5.359375,1.01367142699435,0.16705322265625,0.019611593029468726,0.251953125,0.020029453206920782,0.251953125,0.020029453206920782,0.16705322265625,0.019611593029468726,5.359375,1.01367142699435,0.07384421470207633,0.05924434488988319,0.0001464850503712151,2.6241859307660688e-05,5.832127354745464e-06,1.1149113164861682e-06,0.09716056287288666,0.023695416748523712,0.015800105407834053,0.009683819487690926,5.146222861185379e-07,0.4077608287334442,0.1183011382818222,1.0,0.0030510229989886284,0.007027840707451105,True,,2.4284250372638847,spot_like
grid_F0420_k0550,0.042,0.055,1.0,0.0,0.0,0.0,0.0,0.0,1.0,0.0,0.0,0.0,0.0,0.0,0.0,0.0,1.0,0.0,1.0,0.0,0.0,0.0,0.0,0.0,0.0006282025568010226,0.0007641998192729176,8.760688597909224e-17,1.8543162699625325e-17,7.408034574765509e-17,1.4036045219507326e-17,0.28628039360046387,0.08195646107196808,0.031239137053489685,0.0036022067070007324,0.2862797975540161,0.2862808406352997,3.2238148151009227e-07,0.0,1.9073750081588514e-06,2.624357421154855e-06,False,pattern_presence,nan,rejected_unstable
grid_F0420_k0570,0.042,0.057,1.0,0.0,0.0,0.0,0.0,0.0,1.0,0.0,0.0,0.0,0.0,0.0,0.0,0.0,1.0,0.0,1.0,0.0,0.0,0.0,0.0,0.0,0.004018305238312906,0.0023132646499379288,1.377292611068808e-16,3.0301104203901535e-17,9.681433114951721e-17,1.0322040892710356e-17,0.2668515145778656,0.07120972871780396,0.027145251631736755,0.0031301379203796387,0.26685068011283875,0.26685240864753723,3.464156179688871e-07,0.0,3.8358593883458525e-06,4.281443580111954e-06,False,pattern_presence,nan,rejected_unstable
grid_F0420_k0610,0.042,0.061,1.09375,0.29378482569650155,1.78125,0.7446901987158768,1.78125,0.7446901987158768,1.796875,0.7385031514908414,-0.53125,0.7961963146288554,0.65625,0.695079075095,0.22332763671875,0.013648465068136063,0.56378173828125,0.013579525965895931,0.56378173828125,0.013579525965895931,0.22332763671875,0.013648465068136063,-0.53125,0.7961963146288554,0.32525324178389936,0.16527376914685094,5.9977936759324e-05,9.195216988604596e-06,2.6100172922512554e-06,5.405385896515464e-07,0.1850755512714386,0.04685312882065773,0.023431552574038506,0.01068306528031826,0.001117443316616118,0.3938908874988556,0.1116088330745697,1.0,0.01996489055454731,0.07621365040540695,True,,-2.775688249777723,labyrinth_like
grid_F0420_k0630,0.042,0.063,3.078125,1.2124314740904243,1.015625,0.125,3.078125,1.2124314740904243,3.09375,1.191487665543734,2.984375,1.3031364788615514,2.984375,1.3031364788615514,0.225341796875,0.017300357177698455,0.4297332763671875,0.013043402231475083,0.4297332763671875,0.013043402231475083,0.225341796875,0.017300357177698455,2.984375,1.3031364788615514,0.3240376105032927,0.18733467580704044,8.713653613497274e-05,2.069798887619745e-05,6.624842721058548e-06,9.586907411046164e-07,0.15271630883216858,0.03834465891122818,0.02100864052772522,0.012024903669953346,0.0003499983868096024,0.404692679643631,0.12110177427530289,1.0,0.003155110403895378,0.00359973288141191,True,,-1.0780821056736085,ambiguous
grid_F0420_k0650,0.042,0.065,5.4375,1.2198750911856664,1.0,0.0,5.4375,1.2198750911856664,5.453125,1.1537335873052281,5.4375,1.2198750911856664,5.4375,1.2198750911856664,0.18072509765625,0.02795034875056142,0.28070068359375,0.039407760435783416,0.28070068359375,0.039407760435783416,0.18072509765625,0.02795034875056142,5.4375,1.2198750911856664,0.08736114818516627,0.06475860261264521,0.000174485458362598,4.3782139959842735e-05,7.0658219980555244e-06,1.8334851796772882e-06,0.10778166353702545,0.027216140180826187,0.017516043037176132,0.010895242914557457,5.605193857299268e-45,0.4169199764728546,0.12361884862184525,0.984375,0.008035141043365002,0.022413212805986404,True,,2.2731240120433345,spot_like
grid_F0460_k0550,0.046,0.055,1.0,0.0,0.0,0.0,0.0,0.0,1.0,0.0,0.0,0.0,0.0,0.0,0.0,0.0,1.0,0.0,1.0,0.0,0.0,0.0,0.0,0.0,0.0005411489694659945,0.0010706645678250659,9.86923791854759e-17,2.2547001984489843e-17,8.452002364485383e-17,1.1623554681355394e-17,0.30425822734832764,0.09257306158542633,0.03528650104999542,0.004068911075592041,0.30425769090652466,0.30425864458084106,3.360444793543138e-07,0.0,2.1423049929580884e-06,3.752970769710373e-06,False,pattern_presence,nan,rejected_unstable
grid_F0460_k0570,0.046,0.057,1.0,0.0,0.0,0.0,0.0,0.0,1.0,0.0,0.0,0.0,0.0,0.0,0.0,0.0,1.0,0.0,1.0,0.0,0.0,0.0,0.0,0.0,0.0006325379409037437,0.0010779845244842223,6.064168574519879e-17,4.589466101164837e-17,4.7732568059331546e-17,2.856952804691097e-17,0.28545665740966797,0.08148550987243652,0.031053051352500916,0.003580749034881592,0.28545594215393066,0.2854572534561157,3.9174670973807224e-07,0.0,2.1027781258453615e-06,3.274683422205271e-06,False,pattern_presence,nan,rejected_unstable
grid_F0460_k0590,0.046,0.059,1.0,0.0,0.0,0.0,0.0,0.0,1.0,0.0,0.0,0.0,0.0,0.0,0.0,0.0,1.0,0.0,1.0,0.0,0.0,0.0,0.0,0.0,0.0005497874243377452,0.0021207497769125845,9.004028791180597e-17,3.4410306159221136e-17,7.256340785462312e-17,2.1838609530053494e-17,0.2635655999183655,0.06946683675050735,0.026470690965652466,0.003052353858947754,0.2635643482208252,0.2635669708251953,8.409200518144644e-07,0.0,2.0158133793302113e-06,3.953670784540009e-06,False,pattern_presence,nan,rejected_unstable
grid_F0460_k0610,0.046,0.061,1.0,0.1781741612749496,2.578125,0.8508574106942557,2.5625,0.8886408384057868,2.578125,0.8508574106942557,-1.75,1.0837911120705754,1.75,1.0837911120705754,0.209930419921875,0.029237895715937143,0.6129608154296875,0.08025638736771837,0.6129608154296875,0.08025638736771837,0.209930419921875,0.029237895715937143,-1.75,1.0837911120705754,0.36599971324379044,0.2027086485357792,5.953138865574108e-05,1.3511419918215014e-05,2.2969274050898306e-06,7.739608758482603e-07,0.19920331239700317,0.05248840153217316,0.025378532707691193,0.010659434832632542,5.605193857299268e-45,0.4055888056755066,0.11238564550876617,0.984375,0.008084000088274479,0.01906009577214718,True,,-1.7123416945908192,ambiguous
grid_F0460_k0640,0.046,0.064,2.875,1.2018504251546631,1.03125,0.17536809360305042,2.875,1.2018504251546631,2.953125,1.060543249531571,2.796875,1.2746575948571381,2.796875,1.2746575948571381,0.20147705078125,0.048088040539462196,0.3810272216796875,0.0864558461390153,0.3810272216796875,0.0864558461390153,0.20147705078125,0.048088040539462196,2.796875,1.2746575948571381,0.29804570644291883,0.19178280239690298,9.753445621361364e-05,3.4734742805729526e-05,8.614870531018137e-06,2.3388125834450777e-06,0.1375371813774109,0.03574194014072418,0.020704282447695732,0.011795924045145512,5.605193857299268e-45,0.4184056520462036,0.1287747025489807,0.953125,0.003378304885700345,0.004914592485874891,True,,-0.8624601049298052,ambiguous
grid_F0260_k0580,0.026,0.058,3.859375,1.9507197491394144,1.140625,0.35038244411336755,3.859375,1.9507197491394144,3.921875,1.8370498044764558,3.5,2.309401076758503,3.5,2.309401076758503,0.180450439453125,0.061960579480481295,0.3187103271484375,0.12409431502415892,0.3187103271484375,0.12409431502415892,0.180450439453125,0.061960579480481295,3.5,2.309401076758503,0.2432112816623253,0.2066146439371133,5.904027701062038e-05,6.116613644576302e-05,2.7552681752965958e-06,3.7566771577115975e-06,0.11283015459775925,0.02428937517106533,0.014047670178115368,0.00727484654635191,7.006492321624085e-45,0.5591340661048889,0.10658806562423706,0.9375,0.25397467613220215,0.806109607219696,False,mean_timestep_convergence;worst_timestep_convergence,nan,rejected_unstable
grid_F0260_k0585,0.026,0.0585,5.0625,1.9426295384888812,1.03125,0.17536809360305042,5.0625,1.9426295384888812,5.109375,1.835428997039821,4.984375,2.050878151055345,4.984375,2.050878151055345,0.191864013671875,0.05285049562170988,0.3209228515625,0.08959513741725761,0.3209228515625,0.08959513741725761,0.191864013671875,0.05285049562170988,4.984375,2.050878151055345,0.17007004386301378,0.1690231469498118,7.192237468105945e-05,4.5573767808315014e-05,2.9984185567446173e-06,3.12779258740512e-06,0.11614006757736206,0.025213398039340973,0.014524733647704124,0.007838606834411621,1.4573504028978098e-43,0.5048263072967529,0.10756304860115051,0.96875,0.035104285925626755,0.0462644062936306,True,,1.5922513257685649,ambiguous
grid_F0260_k0595,0.026,0.0595,6.0,1.5430334996209192,1.0,0.0,6.0,1.5430334996209192,6.03125,1.425045251300452,6.0,1.5430334996209192,6.0,1.5430334996209192,0.19122314453125,0.04121917020225311,0.3000946044921875,0.06168590458832425,0.3000946044921875,0.06168590458832425,0.19122314453125,0.04121917020225311,6.0,1.5430334996209192,0.07188882731090401,0.048086578938781474,0.00010270697828844043,4.897765918323806e-05,2.8121997703193583e-06,2.063552687395243e-06,0.11203405261039734,0.02445843070745468,0.014600392431020737,0.008394958451390266,1.0481515734389121e-18,0.44377297163009644,0.10801934450864792,0.96875,0.06287487596273422,0.13752524554729462,False,mean_timestep_convergence;worst_timestep_convergence,nan,rejected_unstable
grid_F0260_k0600,0.026,0.06,6.28125,0.7446901987158768,1.0,0.0,6.28125,0.7446901987158768,6.28125,0.7446901987158768,6.28125,0.7446901987158768,6.28125,0.7446901987158768,0.19140625,0.013242166466188754,0.2925262451171875,0.02567575051654692,0.2925262451171875,0.02567575051654692,0.19140625,0.013242166466188754,6.28125,0.7446901987158768,0.062071774032047555,0.0422761863708021,0.00010066454422562413,3.557742578512035e-05,2.4349534963186727e-06,2.1633269460259715e-06,0.110129714012146,0.02361469343304634,0.0143814105540514,0.008400947786867619,5.763489298260538e-06,0.3891816735267639,0.10642020404338837,1.0,0.29343050718307495,1.0807583332061768,False,mean_timestep_convergence;worst_timestep_convergence,nan,rejected_unstable
grid_F0260_k0605,0.026,0.0605,6.359375,0.6265852910690826,1.0,0.0,6.359375,0.6265852910690826,6.359375,0.6265852910690826,6.359375,0.6265852910690826,6.359375,0.6265852910690826,0.183929443359375,0.012022531496333136,0.2679595947265625,0.022644926894525554,0.2679595947265625,0.022644926894525554,0.183929443359375,0.012022531496333136,6.359375,0.6265852910690826,0.050084463157944244,0.031081897193559128,9.195808436284946e-05,3.4015006039749517e-05,1.95714004780309e-06,8.393484651169396e-07,0.10274022817611694,0.021693818271160126,0.013491131365299225,0.008174322545528412,0.0003617503971327096,0.3781589865684509,0.10436221212148666,1.0,0.03561364859342575,0.09951842576265335,True,,3.1726753135748966,spot_like
grid_F0260_k0615,0.026,0.0615,4.90625,2.3074671746104563,1.0,0.0,4.90625,2.3074671746104563,5.078125,1.9379639741438346,4.90625,2.3074671746104563,4.90625,2.3074671746104563,0.14007568359375,0.06504877549700461,0.20123291015625,0.09282879623801613,0.20123291015625,0.09282879623801613,0.14007568359375,0.06504877549700461,4.90625,2.3074671746104563,0.031436928511258636,0.026594570295153587,7.36519762278262e-05,3.591294093854051e-05,1.7020236623412666e-06,1.0131178204681248e-06,0.07746650278568268,0.016618972644209862,0.01084899716079235,0.00660786684602499,7.006492321624085e-45,0.38599246740341187,0.10150426626205444,0.828125,0.02517620287835598,0.09718889743089676,False,pattern_presence,nan,rejected_unstable
grid_F0260_k0620,0.026,0.062,3.75,2.383807811577872,1.0,0.0,3.75,2.383807811577872,4.015625,1.9638978693582416,3.734375,2.37875642781205,3.734375,2.37875642781205,0.11138916015625,0.06860735628821352,0.1654205322265625,0.10075316663900606,0.1654205322265625,0.10075316663900606,0.11138916015625,0.06860735628821352,3.734375,2.37875642781205,0.039905638227119816,0.05175340541504591,5.812473602838847e-05,3.732745670237062e-05,1.6724095767741617e-06,1.1269780253283523e-06,0.06255960464477539,0.013388499617576599,0.009182985872030258,0.00525049539282918,7.006492321624085e-45,0.3704264461994171,0.09519453346729279,0.734375,0.011572328396141529,0.03988293558359146,False,pattern_presence,nan,rejected_unstable
grid_F0260_k0625,0.026,0.0625,2.65625,2.1173414747354573,1.0,0.0,2.65625,2.1173414747354573,3.03125,1.6423826091750469,2.65625,2.1173414747354573,2.65625,2.1173414747354573,0.079864501953125,0.06302974627391746,0.122802734375,0.09632399785102344,0.122802734375,0.09632399785102344,0.079864501953125,0.06302974627391746,2.65625,2.1173414747354573,0.036502963467368296,0.04463282243197649,4.559040597404227e-05,3.68495907282716e-05,1.160470077743112e-06,9.56282861313107e-07,0.04579643905162811,0.009817920625209808,0.0071993982419371605,0.0037960715126246214,7.006492321624085e-45,0.3584573566913605,0.08672885596752167,0.625,0.027715303003787994,0.09663490206003189,False,pattern_presence,nan,rejected_unstable
grid_F0280_k0580,0.028,0.058,2.171875,0.6313172799286488,1.4375,0.5,2.171875,0.6313172799286488,2.171875,0.6313172799286488,1.03125,1.1542708823500962,1.03125,1.1542708823500962,0.223358154296875,0.02116598491192968,0.4455108642578125,0.04578870431470125,0.4455108642578125,0.04578870431470125,0.223358154296875,0.02116598491192968,1.03125,1.1542708823500962,0.40388432479499825,0.24416708820244776,3.0172298492946162e-05,9.009753145678428e-06,1.1362847566927415e-06,2.8382770822277815e-07,0.14468026161193848,0.0312424935400486,0.016830645501613617,0.007956847548484802,0.001834847847931087,0.3849215805530548,0.10106074810028076,1.0,0.003756127320230007,0.006549057085067034,True,,-2.4990864721562303,labyrinth_like
grid_F0280_k0585,0.028,0.0585,2.671875,1.448093300291527,1.296875,0.46049274850812955,2.671875,1.448093300291527,2.71875,1.3740075783622248,1.90625,1.9331588591223368,1.90625,1.9331588591223368,0.21142578125,0.049236265464894506,0.4007720947265625,0.09163770625869049,0.4007720947265625,0.09163770625869049,0.21142578125,0.049236265464894506,1.90625,1.9331588591223368,0.3368645450631119,0.154683176846592,3.588247482748946e-05,1.4326080168932207e-05,1.4781069923730844e-06,4.5963874039984295e-07,0.1334444284439087,0.02889510802924633,0.015855573117733,0.007912709377706051,3.766647083125463e-08,0.37352216243743896,0.10454852879047394,0.953125,0.005182644352316856,0.011316362768411636,True,,-1.5713472462563802,ambiguous
grid_F0280_k0590,0.028,0.059,4.40625,1.9083671238430722,1.109375,0.3145764348029479,4.40625,1.9083671238430722,4.40625,1.9083671238430722,4.078125,2.352335465629242,4.078125,2.352335465629242,0.220001220703125,0.016817148111836547,0.3779754638671875,0.036097574418683956,0.3779754638671875,0.036097574418683956,0.220001220703125,0.016817148111836547,4.078125,2.352335465629242,0.3070896418870811,0.15967677778260958,4.7895775477718066e-05,1.9715719344050902e-05,2.054572979048396e-06,2.53474669957667e-06,0.13294348120689392,0.028589239344000816,0.01573803648352623,0.008679372258484364,0.001964251045137644,0.47887280583381653,0.1037406176328659,1.0,0.010410075075924397,0.02391461655497551,True,,0.22433178900558423,ambiguous
grid_F0280_k0595,0.028,0.0595,5.640625,1.7490785555974304,1.0,0.0,5.640625,1.7490785555974304,5.640625,1.7490785555974304,5.5625,1.8246547836138975,5.5625,1.8246547836138975,0.217376708984375,0.009591577036786312,0.34820556640625,0.025496452110848833,0.34820556640625,0.025496452110848833,0.217376708984375,0.009591577036786312,5.5625,1.8246547836138975,0.1974989514259618,0.13710551621015465,6.31431870723203e-05,1.4988811707904943e-05,1.9721133274412384e-06,6.038907081588371e-07,0.12708880007266998,0.02726331353187561,0.015137290582060814,0.009044287726283073,0.0017655527917668223,0.3948513865470886,0.10467388480901718,1.0,0.03140074387192726,0.08283048868179321,True,,1.7232300346126677,spot_like
grid_F0280_k0600,0.028,0.06,6.6875,0.9407022031018291,1.0,0.0,6.6875,0.9407022031018291,6.6875,0.9407022031018291,6.671875,0.9929063879531117,6.671875,0.9929063879531117,0.210906982421875,0.009379727821471924,0.31768798828125,0.017223075829918978,0.31768798828125,0.017223075829918978,0.210906982421875,0.009379727821471924,6.671875,0.9929063879531117,0.11413897147967098,0.07317755441305425,8.213351279444269e-05,1.653560995264047e-05,2.649359405381006e-06,2.189779556247331e-06,0.12030290067195892,0.026139533147215843,0.014941077679395676,0.009399407543241978,0.001648744335398078,0.4699757695198059,0.10702092200517654,1.0,0.01941753178834915,0.05522853881120682,True,,2.9828245804157185,spot_like
grid_F0280_k0605,0.028,0.0605,6.671875,0.7358115592960272,1.0,0.0,6.671875,0.7358115592960272,6.671875,0.7358115592960272,6.671875,0.7358115592960272,6.671875,0.7358115592960272,0.200164794921875,0.014751896497938712,0.2979736328125,0.019500611509516867,0.2979736328125,0.019500611509516867,0.200164794921875,0.014751896497938712,6.671875,0.7358115592960272,0.07833535899878674,0.047189248353458,9.637503536196551e-05,2.529155264764823e-05,2.638077175576796e-06,1.2710740173766426e-06,0.1141766831278801,0.02490495890378952,0.01474269013851881,0.00921530183404684,0.00010975881014019251,0.42281195521354675,0.10791118443012238,1.0,0.012104729190468788,0.0170853603631258,True,,3.188205715226866,spot_like
grid_F0280_k0610,0.028,0.061,6.609375,0.6574889099191459,1.0,0.0,6.609375,0.6574889099191459,6.609375,0.6574889099191459,6.609375,0.6574889099191459,6.609375,0.6574889099191459,0.193603515625,0.009615664076324642,0.284942626953125,0.012876418203877847,0.284942626953125,0.012876418203877847,0.193603515625,0.009615664076324642,6.609375,0.6574889099191459,0.06595471092558147,0.0430322225877754,0.00010867018168154137,3.012337467643041e-05,2.7080469352828788e-06,8.615635163916324e-07,0.10953181982040405,0.02398567646741867,0.014570416882634163,0.009132616221904755,0.0010618646629154682,0.39889466762542725,0.10843813419342041,1.0,0.02705901674926281,0.061890970915555954,True,,3.2456338260164075,spot_like
grid_F0280_k0615,0.028,0.0615,6.40625,0.5554563403470574,1.0,0.0,6.40625,0.5554563403470574,6.40625,0.5554563403470574,6.40625,0.5554563403470574,6.40625,0.5554563403470574,0.1861572265625,0.008358255086957344,0.272918701171875,0.005720728485392394,0.272918701171875,0.005720728485392394,0.1861572265625,0.008358255086957344,6.40625,0.5554563403470574,0.06042240746197215,0.03469383250195497,0.00011044863340492554,2.4204065221081188e-05,2.50904293660286e-06,5.96153179178679e-07,0.10473398864269257,0.022952880710363388,0.014311493374407291,0.008923298679292202,0.0008157389820553362,0.38323020935058594,0.10831905901432037,1.0,0.02014784701168537,0.0466817244887352,True,,3.170611046072361,spot_like
grid_F0280_k0620,0.028,0.062,5.890625,1.4266976799032336,1.0,0.0,5.890625,1.4266976799032336,5.9375,1.232818425333297,5.875,1.4309504001254019,5.875,1.4309504001254019,0.169921875,0.03913992822265776,0.246002197265625,0.055422926391137696,0.246002197265625,0.055422926391137696,0.169921875,0.03913992822265776,5.875,1.4309504001254019,0.05091268655258228,0.039894946262165366,9.903494555070775e-05,2.9029970313756612e-05,2.2654021493489954e-06,8.084789217877138e-07,0.09460344165563583,0.020743662491440773,0.013250423595309258,0.008241407573223114,7.006492321624085e-45,0.3755261301994324,0.10722412168979645,0.953125,0.08914061635732651,0.304016649723053,False,mean_timestep_convergence;worst_timestep_convergence,nan,rejected_unstable
grid_F0280_k0625,0.028,0.0625,4.828125,2.0744453265146356,1.0,0.0,4.828125,2.0744453265146356,4.96875,1.7454589608830635,4.828125,2.0744453265146356,4.828125,2.0744453265146356,0.1409912109375,0.058423897125179765,0.207244873046875,0.08493527124084303,0.207244873046875,0.08493527124084303,0.1409912109375,0.058423897125179765,4.828125,2.0744453265146356,0.03826721573278877,0.04086733331516736,8.423340350195656e-05,3.644362666721919e-05,2.1810043407627024e-06,1.0582734582857342e-06,0.07917609065771103,0.017376724630594254,0.011534832417964935,0.006946469657123089,7.006492321624085e-45,0.37501052021980286,0.10408080369234085,0.859375,0.01005522534251213,0.017031410709023476,False,pattern_presence,nan,rejected_unstable
grid_F0280_k0630,0.028,0.063,3.9375,2.1297216451250818,1.0,0.0,3.9375,2.1297216451250818,4.140625,1.7536102216638136,3.9375,2.1297216451250818,3.9375,2.1297216451250818,0.1158447265625,0.06068510107428975,0.1718292236328125,0.08854379170536378,0.1718292236328125,0.08854379170536378,0.1158447265625,0.06068510107428975,3.9375,2.1297216451250818,0.03570829134880444,0.039950303819353356,6.956892479808957e-05,3.7306621698769585e-05,2.102042966074132e-06,1.1683796480630482e-06,0.0655389279127121,0.014390228316187859,0.010047920979559422,0.005738653242588043,7.006492321624085e-45,0.3757101595401764,0.09901906549930573,0.796875,0.008037673309445381,0.014192027039825916,False,pattern_presence,nan,rejected_unstable
grid_F0300_k0580,0.03,0.058,1.734375,0.5115239447296148,1.59375,0.495014830625995,1.78125,0.48693241276708477,1.84375,0.4443204192028934,0.3125,0.7943251103624894,0.53125,0.6659222033784283,0.22772216796875,0.014194324113122905,0.4960784912109375,0.00833284683169828,0.4960784912109375,0.00833284683169828,0.22772216796875,0.014194324113122905,0.3125,0.7943251103624894,0.33489581747055863,0.22727814036528926,3.1506487007293684e-05,5.430575977124959e-06,9.031721589011864e-07,1.8990531244892627e-07,0.15885311365127563,0.03535919636487961,0.018272224813699722,0.008260756731033325,0.0015705858822911978,0.35964086651802063,0.10006193816661835,1.0,0.02397000789642334,0.08579246699810028,True,,-2.9122771837572685,labyrinth_like
grid_F0300_k0585,0.03,0.0585,1.828125,0.5507480482928765,1.4375,0.5,1.828125,0.5507480482928765,1.875,0.5194624816493197,0.71875,0.9166666666666666,0.8125,0.8333333333333334,0.226409912109375,0.013847042045095792,0.4726104736328125,0.010519957463245638,0.4726104736328125,0.010519957463245638,0.226409912109375,0.013847042045095792,0.71875,0.9166666666666666,0.36689893990380557,0.22266105712192083,3.359679508837839e-05,6.652330702264328e-06,1.221370615733578e-06,2.3242786453409552e-07,0.1530786156654358,0.03400604426860809,0.017995579168200493,0.008441144600510597,0.0013774276012554765,0.35997074842453003,0.10225139558315277,1.0,0.03154270350933075,0.08163834363222122,True,,-2.7819769075416088,labyrinth_like
grid_F0300_k0595,0.03,0.0595,2.953125,1.3384388857148655,1.09375,0.29378482569650155,2.953125,1.3384388857148655,2.953125,1.3384388857148655,2.546875,1.680227568676244,2.546875,1.680227568676244,0.224517822265625,0.010973920324754046,0.418609619140625,0.01462332374117377,0.418609619140625,0.01462332374117377,0.224517822265625,0.010973920324754046,2.546875,1.680227568676244,0.34209789318517614,0.1364869966784759,4.5264874146128725e-05,1.1166961269758964e-05,1.9719785685483345e-06,2.0821122594446808e-07,0.1420375406742096,0.03139004483819008,0.017040401697158813,0.00896499864757061,0.001924914657138288,0.36544665694236755,0.10500425100326538,1.0,0.0035801767371594906,0.004816803615540266,True,,-1.3488081877619318,ambiguous
grid_F0300_k0600,0.03,0.06,4.53125,1.6805965494147492,1.03125,0.17536809360305042,4.53125,1.6805965494147492,4.53125,1.6805965494147492,4.40625,1.8663158683981982,4.40625,1.8663158683981982,0.222869873046875,0.014470614566760054,0.38250732421875,0.018130809101487656,0.38250732421875,0.018130809101487656,0.222869873046875,0.014470614566760054,4.40625,1.8663158683981982,0.2949971191444749,0.16887155979727728,6.279819799915966e-05,1.7654785645070373e-05,2.2481892508173314e-06,4.0189514021062164e-07,0.13564632833003998,0.030058125033974648,0.016481544822454453,0.009490926750004292,0.0010926275281235576,0.37001901865005493,0.10705333948135376,1.0,0.005896913819015026,0.015379835851490498,True,,0.4069398492957995,ambiguous
grid_F0300_k0605,0.03,0.0605,6.0625,1.5,1.0,0.0,6.0625,1.5,6.0625,1.5,6.046875,1.495280273138817,6.046875,1.495280273138817,0.22125244140625,0.008231190989500807,0.3487091064453125,0.015524213684288853,0.3487091064453125,0.015524213684288853,0.22125244140625,0.008231190989500807,6.046875,1.495280273138817,0.1587238489278857,0.11152134911911743,8.309768129881204e-05,1.5189535252758289e-05,2.4710598109752607e-06,4.748359883119595e-07,0.12935003638267517,0.02878112718462944,0.0159847941249609,0.00994393415749073,0.0014041891554370522,0.3718542158603668,0.10882122069597244,1.0,0.016936058178544044,0.0319938138127327,True,,2.151985138069005,spot_like
grid_F0300_k0615,0.03,0.0615,6.734375,0.7180703308172536,1.0,0.0,6.734375,0.7180703308172536,6.734375,0.7180703308172536,6.734375,0.7180703308172536,6.734375,0.7180703308172536,0.20318603515625,0.00990396036845338,0.3028411865234375,0.007644280337929638,0.3028411865234375,0.007644280337929638,0.20318603515625,0.00990396036845338,6.734375,0.7180703308172536,0.0766725600828923,0.05236008676671261,0.00011643934427742333,2.636943592179266e-05,3.079560690710713e-06,3.7847449354341697e-07,0.11591356992721558,0.025985894724726677,0.01543343998491764,0.009795499965548515,0.0010458932956680655,0.3768470585346222,0.11068044602870941,1.0,0.037678785622119904,0.07755931466817856,True,,3.204038189465531,spot_like
grid_F0300_k0625,0.03,0.0625,6.25,1.0540925533894598,1.0,0.0,6.25,1.0540925533894598,6.265625,0.9634954139477845,6.25,1.0540925533894598,6.25,1.0540925533894598,0.18206787109375,0.025773988759000645,0.265289306640625,0.03482408719127567,0.265289306640625,0.03482408719127567,0.18206787109375,0.025773988759000645,6.25,1.0540925533894598,0.0582845869711317,0.035014790550656344,0.00011691171216522876,2.9649379462562833e-05,2.970326365539816e-06,9.582713766110461e-07,0.10239936411380768,0.022994212806224823,0.014456224627792835,0.009139897301793098,7.006492321624085e-45,0.38286691904067993,0.11076956987380981,0.984375,0.030690409243106842,0.05032404512166977,True,,3.084491007190555,spot_like
grid_F0320_k0580,0.032,0.058,1.515625,0.503706499953334,1.828125,0.41992771486803027,1.828125,0.41992771486803027,1.859375,0.3930825471690252,-0.28125,0.7230611732885817,0.46875,0.6164092126666485,0.2259521484375,0.013858277024909856,0.5455474853515625,0.010329643685834828,0.5455474853515625,0.010329643685834828,0.2259521484375,0.013858277024909856,-0.28125,0.7230611732885817,0.3125482418701976,0.23745734592591763,3.12971505363653e-05,5.892152032529295e-06,7.380994450805094e-07,1.7997283435449043e-07,0.17173588275909424,0.039328061044216156,0.01957932859659195,0.008319703862071037,0.0018720772350206971,0.359225869178772,0.09874852001667023,1.0,0.009390865452587605,0.018000567331910133,True,,-2.85898596048832,labyrinth_like
grid_F0320_k0585,0.032,0.0585,1.5625,0.5,1.6875,0.5,1.6875,0.5,1.75,0.4714045207910317,-0.046875,0.6529466178136507,0.359375,0.5453173679115967,0.227569580078125,0.014644787853465123,0.520263671875,0.008240610802795494,0.520263671875,0.008240610802795494,0.227569580078125,0.014644787853465123,-0.046875,0.6529466178136507,0.35148674310292427,0.25086281637527125,3.3970250339591764e-05,6.275681045347472e-06,9.374648555980986e-07,2.3832577241474405e-07,0.1658150851726532,0.03790472447872162,0.01933245360851288,0.00861838087439537,0.0015166172524914145,0.36077043414115906,0.10161551833152771,1.0,0.0019504858646541834,0.0033929292112588882,True,,-3.0571815637978683,labyrinth_like
grid_F0320_k0590,0.032,0.059,1.625,0.6546536707079771,1.484375,0.5632160345616073,1.6875,0.6871842709362768,1.765625,0.6604997506698399,0.453125,0.9416245249735937,0.671875,0.7979077302744635,0.228729248046875,0.015406918334122227,0.4945526123046875,0.009324428357649968,0.4945526123046875,0.009324428357649968,0.228729248046875,0.015406918334122227,0.453125,0.9416245249735937,0.40084270451895443,0.22659213337879172,3.5843025778741584e-05,5.9018025428388626e-06,1.3413827567123567e-06,2.927894737851282e-07,0.16007950901985168,0.03645191714167595,0.018932217732071877,0.008859237655997276,0.0012941430322825909,0.36431723833084106,0.10352072864770889,1.0,0.003994309343397617,0.007856308482587337,True,,-2.998791452764461,labyrinth_like
grid_F0320_k0595,0.032,0.0595,1.890625,0.5667279378639768,1.296875,0.46049274850812955,1.890625,0.5667279378639768,1.953125,0.5173095079197046,1.09375,1.049848817536382,1.1875,0.9407022031018291,0.22943115234375,0.0135940099063909,0.469085693359375,0.009804638634699067,0.469085693359375,0.009804638634699067,0.22943115234375,0.0135940099063909,1.09375,1.049848817536382,0.3978887765932024,0.19963085439249442,3.8782217409038725e-05,6.5453972455247014e-06,1.7497949039149192e-06,2.9834908752441545e-07,0.15423879027366638,0.035021327435970306,0.01851995289325714,0.00908500887453556,0.0011915729846805334,0.36640653014183044,0.10540444403886795,1.0,0.00916369166225195,0.0225386843085289,True,,-2.6685671564490776,labyrinth_like
grid_F0320_k0600,0.032,0.06,2.625,1.0615950861718073,1.140625,0.35038244411336755,2.625,1.0615950861718073,2.625,1.0615950861718073,2.125,1.419814430083388,2.125,1.419814430083388,0.228790283203125,0.011861865780026104,0.4385223388671875,0.012203998491692944,0.4385223388671875,0.012203998491692944,0.228790283203125,0.011861865780026104,2.125,1.419814430083388,0.3801808216039365,0.1570175028858706,4.667093261177418e-05,1.0983276436997956e-05,2.196600032244398e-06,3.15607210146152e-07,0.14809583127498627,0.033564358949661255,0.01804608851671219,0.00937060546129942,0.0017720366595312953,0.3726164698600769,0.10726557672023773,1.0,0.024373583495616913,0.04652504250407219,True,,-1.8267677196313181,labyrinth_like
grid_F0320_k0605,0.032,0.0605,3.671875,1.6719410589975667,1.03125,0.17536809360305042,3.671875,1.6719410589975667,3.671875,1.6719410589975667,3.5,1.8516401995451028,3.5,1.8516401995451028,0.22564697265625,0.012420931012208945,0.4062042236328125,0.017108925613525745,0.4062042236328125,0.017108925613525745,0.22564697265625,0.012420931012208945,3.5,1.8516401995451028,0.3161161173703696,0.1393158074434616,6.127664616978643e-05,1.8308536323998564e-05,2.6714122341433926e-06,3.740185098081521e-07,0.14162418246269226,0.03207197040319443,0.017452487722039223,0.009742606431245804,0.0011464523850008845,0.37105998396873474,0.10879138857126236,1.0,0.0037474227137863636,0.005971918348222971,True,,-0.5258965637436113,ambiguous
grid_F0320_k0610,0.032,0.061,5.453125,1.446722486305149,1.0,0.0,5.453125,1.446722486305149,5.453125,1.446722486305149,5.421875,1.5098059109994533,5.421875,1.5098059109994533,0.226348876953125,0.008961277052460683,0.3704071044921875,0.01580003309146772,0.3704071044921875,0.01580003309146772,0.226348876953125,0.008961277052460683,5.421875,1.5098059109994533,0.2141843494370715,0.1254890655377967,8.430869753376638e-05,1.8686845375631694e-05,2.922021100436046e-06,5.466736149280193e-07,0.13516336679458618,0.030673356726765633,0.016820833086967468,0.010295895859599113,0.0014341254718601704,0.3759775161743164,0.11008700728416443,1.0,0.008320244029164314,0.020894523710012436,True,,1.3983742391823104,ambiguous
grid_F0320_k0615,0.032,0.0615,6.671875,1.0845917599328725,1.0,0.0,6.671875,1.0845917599328725,6.671875,1.0845917599328725,6.671875,1.0845917599328725,6.671875,1.0845917599328725,0.22003173828125,0.008229351719942176,0.338134765625,0.0100045184871622,0.338134765625,0.0100045184871622,0.22003173828125,0.008229351719942176,6.671875,1.0845917599328725,0.11159253553757792,0.08377132182773327,0.00010393850040933568,1.7124996191981527e-05,3.1775417471730946e-06,5.734230321892701e-07,0.12776118516921997,0.029154397547245026,0.01640448160469532,0.010557714849710464,0.00119677372276783,0.38090595602989197,0.1120426133275032,1.0,0.009096745401620865,0.018188806250691414,True,,2.834230366556401,spot_like
grid_F0320_k0620,0.032,0.062,6.703125,0.7904125404666756,1.0,0.0,6.703125,0.7904125404666756,6.703125,0.7904125404666756,6.6875,0.7740842003337551,6.6875,0.7740842003337551,0.2110595703125,0.010462342890617315,0.3186492919921875,0.010064378151869897,0.3186492919921875,0.010064378151869897,0.2110595703125,0.010462342890617315,6.6875,0.7740842003337551,0.09833781627669635,0.06401665122484403,0.0001182688827991708,2.2381705462414385e-05,3.618612826413358e-06,4.791167247528273e-07,0.12116363644599915,0.027714110910892487,0.016113869845867157,0.010411771945655346,0.0008981387363746762,0.38557368516921997,0.11300297826528549,1.0,0.04225228726863861,0.12222451716661453,False,worst_timestep_convergence,nan,rejected_unstable
grid_F0320_k0625,0.032,0.0625,6.640625,0.6984606089266754,1.0,0.0,6.640625,0.6984606089266754,6.640625,0.6984606089266754,6.640625,0.6984606089266754,6.640625,0.6984606089266754,0.200347900390625,0.01161393210397597,0.2977447509765625,0.00962371655857874,0.2977447509765625,0.00962371655857874,0.200347900390625,0.01161393210397597,6.640625,0.6984606089266754,0.07421843425992568,0.04766031050021416,0.00012905568161291692,2.816927627590566e-05,3.8139219724552223e-06,6.035919873527824e-07,0.1142483502626419,0.026189863681793213,0.015768125653266907,0.010171523317694664,0.0005485499859787524,0.38476312160491943,0.11349625885486603,1.0,0.014764132909476757,0.040431953966617584,True,,3.1598795748895236,spot_like
grid_F0320_k0630,0.032,0.063,6.421875,0.6375719691713366,1.0,0.0,6.421875,0.6375719691713366,6.421875,0.6375719691713366,6.421875,0.6375719691713366,6.421875,0.6375719691713366,0.1898193359375,0.011047858381262769,0.2790679931640625,0.00942926144345686,0.2790679931640625,0.00942926144345686,0.1898193359375,0.011047858381262769,6.421875,0.6375719691713366,0.06556397879892513,0.03906305781676233,0.00013071335188017237,2.731285456388498e-05,3.6543373171768804e-06,8.337258767050367e-07,0.10758993029594421,0.024690847843885422,0.015354227274656296,0.009833591058850288,0.00033299316419288516,0.3866916298866272,0.11347661912441254,1.0,0.01799517683684826,0.03350827097892761,True,,3.1219103205663945,spot_like
grid_F0340_k0585,0.034,0.0585,1.4375,0.5,1.953125,0.4517931645034744,1.953125,0.4517931645034744,1.953125,0.4517931645034744,-0.59375,0.7285286324187734,0.625,0.7014723744122017,0.224945068359375,0.014426349203479684,0.5656890869140625,0.012795958775646621,0.5656890869140625,0.012795958775646621,0.224945068359375,0.014426349203479684,-0.59375,0.7285286324187734,0.3377851046178131,0.26654377826609504,3.382981801768486e-05,6.450288908145412e-06,7.918707082886838e-07,2.45490778489301e-07,0.1783037781715393,0.04180655628442764,0.02053537592291832,0.008635466918349266,0.0018681514775380492,0.36374959349632263,0.09954056143760681,1.0,0.06356466561555862,0.23535946011543274,False,mean_timestep_convergence;worst_timestep_convergence,nan,rejected_unstable
grid_F0340_k0595,0.034,0.0595,1.46875,0.5335936864527374,1.484375,0.5632160345616073,1.515625,0.590726953281576,1.671875,0.5649747149841562,0.25,0.8544932592822077,0.5625,0.6871842709362768,0.229339599609375,0.016347701947305206,0.5110931396484375,0.0091780831514153,0.5110931396484375,0.0091780831514153,0.229339599609375,0.016347701947305206,0.25,0.8544932592822077,0.3940764661267953,0.2253976994243948,4.0499453452835386e-05,6.5292706721164025e-06,1.4605526231015125e-06,3.2743423577579586e-07,0.16543874144554138,0.03858069330453873,0.019887641072273254,0.009232787415385246,0.0012079437728971243,0.36947497725486755,0.10540126264095306,1.0,0.006999058648943901,0.014036830514669418,True,,-3.140563321157738,labyrinth_like
grid_F0340_k0600,0.034,0.06,1.75,0.7126966450997984,1.28125,0.48693241276708477,1.78125,0.7230611732885817,1.84375,0.695079075095,1.015625,1.1054294216951195,1.171875,0.9352817672375443,0.23077392578125,0.015001102588638626,0.481292724609375,0.01111849717226356,0.481292724609375,0.01111849717226356,0.23077392578125,0.015001102588638626,1.015625,1.1054294216951195,0.3837209516861806,0.206821958506123,4.360146237510426e-05,8.0276237753635e-06,2.0217347977805404e-06,3.9537484824851373e-07,0.15922194719314575,0.037035658955574036,0.019447583705186844,0.009536889381706715,0.001090735662728548,0.3737207055091858,0.10758649557828903,1.0,0.016307195648550987,0.05303576588630676,True,,-2.7374771418344053,labyrinth_like
grid_F0340_k0605,0.034,0.0605,2.234375,0.903997954415441,1.15625,0.36596252735569995,2.234375,0.903997954415441,2.25,0.8908708063747479,1.796875,1.1842844936520793,1.796875,1.1842844936520793,0.229888916015625,0.012916620198765391,0.4533843994140625,0.010648408902593033,0.4533843994140625,0.010648408902593033,0.229888916015625,0.012916620198765391,1.796875,1.1842844936520793,0.3897385774992131,0.18554237881722024,4.855685079798434e-05,9.731965067979334e-06,2.6157802643744157e-06,4.0744919521874054e-07,0.15288987755775452,0.035495832562446594,0.018985792994499207,0.009786554612219334,0.001337744644843042,0.37710025906562805,0.1093168631196022,1.0,0.02098359540104866,0.04991045966744423,True,,-2.2110017725503366,labyrinth_like
grid_F0340_k0615,0.034,0.0615,4.796875,1.438470169510452,1.0,0.0,4.796875,1.438470169510452,4.796875,1.438470169510452,4.78125,1.4635112160024875,4.78125,1.4635112160024875,0.227569580078125,0.011119518240507355,0.3874664306640625,0.015469939721444734,0.3874664306640625,0.015469939721444734,0.227569580078125,0.011119518240507355,4.78125,1.4635112160024875,0.24544959517182324,0.13405715289406897,8.44602836486847e-05,1.9926125660818433e-05,3.5821150098429173e-06,5.71918586286704e-07,0.13983002305030823,0.03238855302333832,0.01764606684446335,0.010643640533089638,0.0010133441537618637,0.38128477334976196,0.11223368346691132,1.0,0.006260469555854797,0.008172575384378433,True,,0.7039727366562818,ambiguous
grid_F0340_k0620,0.034,0.062,5.9375,1.2198750911856664,1.0,0.0,5.9375,1.2198750911856664,5.9375,1.2198750911856664,5.921875,1.2510907939087292,5.921875,1.2510907939087292,0.222381591796875,0.00944005405556794,0.35498046875,0.013850082194186224,0.35498046875,0.013850082194186224,0.222381591796875,0.00944005405556794,5.921875,1.2510907939087292,0.15692480229602007,0.09944852414482475,0.00010487572355962228,1.974882405888322e-05,3.7766872334950835e-06,5.740599873470819e-07,0.13209140300750732,0.030681338161230087,0.01714266836643219,0.010854819789528847,0.0009041468729265034,0.38756686449050903,0.11409643292427063,1.0,0.009524386376142502,0.020290272310376167,True,,2.014037547365493,spot_like
grid_F0340_k0625,0.034,0.0625,6.515625,1.0539749025655665,1.0,0.0,6.515625,1.0539749025655665,6.515625,1.0539749025655665,6.5,1.0540925533894598,6.5,1.0540925533894598,0.214385986328125,0.00938134155545029,0.32879638671875,0.011266803604974873,0.32879638671875,0.011266803604974873,0.214385986328125,0.00938134155545029,6.5,1.0540925533894598,0.11513674996948776,0.08281907931620737,0.00012336699818524442,2.2443849622723496e-05,4.211734544434969e-06,6.534797758534865e-07,0.12458451092243195,0.02907361090183258,0.016794294118881226,0.010865339078009129,0.0007680904818698764,0.38720768690109253,0.11547377705574036,1.0,0.039509207010269165,0.14985692501068115,False,worst_timestep_convergence,nan,rejected_unstable
grid_F0360_k0580,0.036,0.058,1.015625,0.125,3.578125,0.8693125819170945,3.578125,0.8693125819170945,3.578125,0.8693125819170945,-3.40625,1.1086778913041726,3.40625,1.1086778913041726,0.194122314453125,0.016753116694562923,0.6842803955078125,0.024679349650339192,0.6842803955078125,0.024679349650339192,0.194122314453125,0.016753116694562923,-3.40625,1.1086778913041726,0.32252004313910476,0.23517471561257128,2.445362153739208e-05,4.630467943452277e-06,3.9435186715785155e-07,1.348704730478253e-07,0.2004627138376236,0.04796639829874039,0.021963544189929962,0.007215380668640137,0.010201876983046532,0.3511238098144531,0.08761255443096161,1.0,0.0020273649133741856,0.003075114218518138,True,,-0.13031682003684517,ambiguous
grid_F0360_k0585,0.036,0.0585,1.0625,0.2439750182371333,2.734375,0.858980338670346,2.734375,0.858980338670346,2.734375,0.858980338670346,-2.359375,1.159737073377013,2.359375,1.159737073377013,0.20819091796875,0.017405800597618513,0.6334228515625,0.0213773630228178,0.6334228515625,0.0213773630228178,0.20819091796875,0.017405800597618513,-2.359375,1.159737073377013,0.32164955294282327,0.24018809822664544,3.0220444871775837e-05,5.019208115718326e-06,6.275456571669198e-07,1.930943482334091e-07,0.19201326370239258,0.045920439064502716,0.021719541400671005,0.008037921041250229,0.007168816402554512,0.36452019214630127,0.09450645744800568,1.0,0.003141813911497593,0.006312727928161621,True,,-1.2669917245997449,ambiguous
grid_F0360_k0590,0.036,0.059,1.265625,0.4451569190068627,1.984375,0.5771354411750481,1.984375,0.5771354411750481,2.0,0.563436169819011,-1.03125,0.8723031000820176,1.03125,0.8723031000820176,0.220977783203125,0.01330997413343316,0.5863037109375,0.01530343635500744,0.5863037109375,0.01530343635500744,0.220977783203125,0.01330997413343316,-1.03125,0.8723031000820176,0.3216094914692226,0.223017466172305,3.737742213518876e-05,6.249120102415176e-06,9.519233727841217e-07,2.592069555281679e-07,0.18399429321289062,0.04402182251214981,0.021404270082712173,0.008846180513501167,0.0019252224592491984,0.36959147453308105,0.10018907487392426,1.0,0.008121438324451447,0.015841234475374222,True,,-2.458984054539553,labyrinth_like
grid_F0360_k0595,0.036,0.0595,1.34375,0.47871355387816905,1.796875,0.6218172931269651,1.796875,0.6218172931269651,1.84375,0.5967837075949658,-0.4375,0.7943251103624894,0.625,0.6546536707079771,0.2249755859375,0.016314593479542044,0.5522918701171875,0.011643496084423876,0.5522918701171875,0.011643496084423876,0.2249755859375,0.016314593479542044,-0.4375,0.7943251103624894,0.3237372636941261,0.22033134939789117,4.158458300247983e-05,6.0144554426677005e-06,1.2783044613610746e-06,3.301611782670526e-07,0.17669254541397095,0.04222264140844345,0.021128417924046516,0.009290264919400215,0.0013717197580263019,0.37624794244766235,0.10436365753412247,1.0,0.0033999294973909855,0.008246752433478832,True,,-2.8051616285195555,labyrinth_like
grid_F0360_k0600,0.036,0.06,1.359375,0.4836103475464191,1.53125,0.6164092126666485,1.53125,0.6164092126666485,1.65625,0.5967837075949658,0.09375,0.867742006863901,0.59375,0.6354288640515485,0.228668212890625,0.014063984087855483,0.5226287841796875,0.01189383646900798,0.5226287841796875,0.01189383646900798,0.228668212890625,0.014063984087855483,0.09375,0.867742006863901,0.37956219789472756,0.19916271243345546,4.451638075985073e-05,6.730245545139706e-06,1.7702567016983412e-06,4.145519492014932e-07,0.17019504308700562,0.04054642468690872,0.020725110545754433,0.009640354663133621,0.0011239059967920184,0.37807324528694153,0.10708238184452057,1.0,0.004241935443133116,0.010907018557190895,True,,-3.0895623180635607,labyrinth_like
grid_F0360_k0605,0.036,0.0605,1.609375,0.6574889099191459,1.28125,0.48693241276708477,1.671875,0.6679674809117249,1.75,0.642416074439621,0.875,0.9839989676081822,1.03125,0.8158888424133542,0.231231689453125,0.013322478769321567,0.4935150146484375,0.010027743391518039,0.4935150146484375,0.010027743391518039,0.231231689453125,0.013322478769321567,0.875,0.9839989676081822,0.35095310863989426,0.16914554401108325,4.829193755952062e-05,5.922509108164339e-06,2.31534641218699e-06,4.067456128213655e-07,0.16340723633766174,0.03884487971663475,0.02029036357998848,0.009956601075828075,0.00100888276938349,0.3792714476585388,0.10955177247524261,1.0,0.004998570308089256,0.007342658005654812,True,,-2.8245578101182796,labyrinth_like
grid_F0360_k0610,0.036,0.061,2.109375,0.7991500941724734,1.203125,0.4055052697678833,2.109375,0.7991500941724734,2.203125,0.7166874304854753,1.59375,1.2563331627689431,1.6875,1.1251102238772057,0.229705810546875,0.014142606536677947,0.464141845703125,0.009235795759241308,0.464141845703125,0.009235795759241308,0.229705810546875,0.014142606536677947,1.59375,1.2563331627689431,0.36590924689253346,0.18184208648045508,5.237495369321858e-05,9.018469897542352e-06,2.96897765975878e-06,4.826092353250621e-07,0.15678739547729492,0.03718986362218857,0.01980341225862503,0.010217908769845963,0.0010959218489006162,0.3819718062877655,0.11144427210092545,1.0,0.005832895170897245,0.008348566479980946,True,,-2.2937515268932547,labyrinth_like
grid_F0360_k0615,0.036,0.0615,3.0,1.1547005383792515,1.0625,0.2439750182371333,3.0,1.1547005383792515,3.015625,1.1337840490328261,2.8125,1.3786927325527072,2.8125,1.3786927325527072,0.228485107421875,0.013852233806519787,0.433135986328125,0.01148384029559389,0.433135986328125,0.01148384029559389,0.228485107421875,0.013852233806519787,2.8125,1.3786927325527072,0.3407843507137771,0.15327297233869905,6.508975980864225e-05,1.5241936532135148e-05,3.7315148361013892e-06,4.885673552014257e-07,0.1501775085926056,0.035554252564907074,0.01915658265352249,0.010586430318653584,0.0011861093807965517,0.38795340061187744,0.11282090097665787,1.0,0.01011619996279478,0.034021224826574326,True,,-1.2666026236872523,ambiguous
grid_F0360_k0620,0.036,0.062,4.28125,1.4743171677461777,1.0,0.0,4.28125,1.4743171677461777,4.28125,1.4743171677461777,4.265625,1.4932885569392522,4.265625,1.4932885569392522,0.22808837890625,0.011617393764564275,0.400390625,0.015216637898971399,0.400390625,0.015216637898971399,0.22808837890625,0.011617393764564275,4.265625,1.4932885569392522,0.2590552626529532,0.15018577752079884,8.431460345054772e-05,2.1808385973389072e-05,4.3891828585751546e-06,5.459421636503886e-07,0.14337322115898132,0.03387826681137085,0.018414903432130814,0.01098076906055212,0.0008617307175882161,0.3882302939891815,0.11430768668651581,1.0,0.005169008858501911,0.008743983693420887,True,,0.17360244339774453,ambiguous
grid_F0360_k0625,0.036,0.0625,5.3125,1.2456272723360313,1.0,0.0,5.3125,1.2456272723360313,5.3125,1.2456272723360313,5.3125,1.2456272723360313,5.3125,1.2456272723360313,0.224029541015625,0.010274323243316907,0.3682403564453125,0.012936043554300131,0.3682403564453125,0.012936043554300131,0.224029541015625,0.010274323243316907,5.3125,1.2456272723360313,0.19372729470306926,0.10983469773296932,0.00010631374295112176,2.075826630798381e-05,4.640897928800025e-06,6.181350402429264e-07,0.1354435682296753,0.03206098452210426,0.01786556839942932,0.011207240633666515,0.0007681482820771635,0.3899511396884918,0.11615891009569168,1.0,0.008880848065018654,0.013970296829938889,True,,1.3365871650733128,ambiguous
grid_F0360_k0630,0.036,0.063,6.125,1.2786401506759573,1.0,0.0,6.125,1.2786401506759573,6.125,1.2786401506759573,6.125,1.2786401506759573,6.125,1.2786401506759573,0.214691162109375,0.010230767055407127,0.33624267578125,0.013957730994008323,0.33624267578125,0.013957730994008323,0.214691162109375,0.010230767055407127,6.125,1.2786401506759573,0.13397177252147963,0.10111593218885297,0.0001307697151398147,2.613934116095812e-05,4.918853456712445e-06,7.990796609677007e-07,0.12689387798309326,0.030186085030436516,0.017432454973459244,0.011245515197515488,0.0005177329294383526,0.39268073439598083,0.1176416277885437,1.0,0.010189974680542946,0.033115778118371964,True,,2.354324751759977,spot_like
